carat,cut,color,clarity,depth,table,price,x,y,z
0.23,Ideal,E,SI2,61.5,55.0,326,3.95,3.98,2.43
0.21,Premium,E,SI1,59.8,61.0,326,3.89,3.84,2.31
0.23,Good,E,VS1,56.9,65.0,327,4.05,4.07,2.31
0.29,Premium,I,VS2,62.4,58.0,334,4.2,4.23,2.63
0.31,Good,J,SI2,63.3,58.0,335,4.34,4.35,2.75
0.24,Very Good,J,VVS2,62.8,57.0,336,3.94,3.96,2.48
0.24,Very Good,I,VVS1,62.3,57.0,336,3.95,3.98,2.47
0.26,Very Good,H,SI1,61.9,55.0,337,4.07,4.11,2.53
0.22,Fair,E,VS2,65.1,61.0,337,3.87,3.78,2.49
0.23,Very Good,H,VS1,59.4,61.0,338,4.0,4.05,2.39
0.3,Good,J,SI1,64.0,55.0,339,4.25,4.28,2.73
0.23,Ideal,J,VS1,62.8,56.0,340,3.93,3.9,2.46
0.22,Premium,F,SI1,60.4,61.0,342,3.88,3.84,2.33
0.31,Ideal,J,SI2,62.2,54.0,344,4.35,4.37,2.71
0.2,Premium,E,SI2,60.2,62.0,345,3.79,3.75,2.27
0.32,Premium,E,I1,60.9,58.0,345,4.38,4.42,2.68
0.3,Ideal,I,SI2,62.0,54.0,348,4.31,4.34,2.68
0.3,Good,J,SI1,63.4,54.0,351,4.23,4.29,2.7
0.3,Good,J,SI1,63.8,56.0,351,4.23,4.26,2.71
0.3,Very Good,J,SI1,62.7,59.0,351,4.21,4.27,2.66
0.23,Very Good,E,VS2,63.8,55.0,352,3.85,3.92,2.48
0.23,Very Good,H,VS1,61.0,57.0,353,3.94,3.96,2.41
0.31,Very Good,J,SI1,59.4,62.0,353,4.39,4.43,2.62
0.31,Very Good,J,SI1,58.1,62.0,353,4.44,4.47,2.59
0.23,Very Good,G,VVS2,60.4,58.0,354,3.97,4.01,2.41
0.24,Premium,I,VS1,62.5,57.0,355,3.97,3.94,2.47
0.3,Very Good,J,VS2,62.2,57.0,357,4.28,4.3,2.67
0.23,Very Good,D,VS2,60.5,61.0,357,3.96,3.97,2.4
0.23,Very Good,F,VS1,60.9,57.0,357,3.96,3.99,2.42
0.23,Very Good,F,VS1,60.0,57.0,402,4.0,4.03,2.41
0.23,Very Good,F,VS1,59.8,57.0,402,4.04,4.06,2.42
0.23,Very Good,E,VS1,60.7,59.0,402,3.97,4.01,2.42
0.23,Very Good,E,VS1,59.5,58.0,402,4.01,4.06,2.4
0.23,Very Good,D,VS1,61.9,58.0,402,3.92,3.96,2.44
0.23,Good,F,VS1,58.2,59.0,402,4.06,4.08,2.37
0.23,Good,E,VS1,64.1,59.0,402,3.83,3.85,2.46
0.31,Good,H,SI1,64.0,54.0,402,4.29,4.31,2.75
0.26,Very Good,D,VS2,60.8,59.0,403,4.13,4.16,2.52
0.33,Ideal,I,SI2,61.8,55.0,403,4.49,4.51,2.78
0.33,Ideal,I,SI2,61.2,56.0,403,4.49,4.5,2.75
0.33,Ideal,J,SI1,61.1,56.0,403,4.49,4.55,2.76
0.26,Good,D,VS2,65.2,56.0,403,3.99,4.02,2.61
0.26,Good,D,VS1,58.4,63.0,403,4.19,4.24,2.46
0.32,Good,H,SI2,63.1,56.0,403,4.34,4.37,2.75
0.29,Premium,F,SI1,62.4,58.0,403,4.24,4.26,2.65
0.32,Very Good,H,SI2,61.8,55.0,403,4.35,4.42,2.71
0.25,Very Good,E,VS2,63.3,60.0,404,4.0,4.03,2.54
0.29,Very Good,H,SI2,60.7,60.0,404,4.33,4.37,2.64
0.24,Very Good,F,SI1,60.9,61.0,404,4.02,4.03,2.45
0.23,Ideal,G,VS1,61.9,54.0,404,3.93,3.95,2.44
0.22,Premium,E,VS2,61.6,58.0,404,3.93,3.89,2.41
0.22,Premium,D,VS2,59.3,62.0,404,3.91,3.88,2.31
0.3,Ideal,I,SI2,61.0,59.0,405,4.3,4.33,2.63
0.3,Premium,J,SI2,59.3,61.0,405,4.43,4.38,2.61
0.3,Very Good,I,SI1,62.6,57.0,405,4.25,4.28,2.67
0.3,Very Good,I,SI1,63.0,57.0,405,4.28,4.32,2.71
0.3,Good,I,SI1,63.2,55.0,405,4.25,4.29,2.7
0.35,Ideal,I,VS1,60.9,57.0,552,4.54,4.59,2.78
0.3,Premium,D,SI1,62.6,59.0,552,4.23,4.27,2.66
0.3,Ideal,D,SI1,62.5,57.0,552,4.29,4.32,2.69
0.42,Premium,I,SI2,61.5,59.0,552,4.78,4.84,2.96
0.32,Ideal,I,VVS1,62.0,55.3,553,4.39,4.42,2.73
0.31,Very Good,G,SI1,63.3,57.0,553,4.33,4.3,2.73
0.31,Premium,G,SI1,61.8,58.0,553,4.35,4.32,2.68
0.24,Very Good,D,VVS1,61.5,60.0,553,3.97,4.0,2.45
0.3,Very Good,H,SI1,63.1,56.0,554,4.29,4.27,2.7
0.3,Premium,H,SI1,62.9,59.0,554,4.28,4.24,2.68
0.3,Premium,H,SI1,62.5,57.0,554,4.29,4.25,2.67
0.3,Good,H,SI1,63.7,57.0,554,4.28,4.26,2.72
0.26,Very Good,F,VVS2,59.2,60.0,554,4.19,4.22,2.49
0.26,Very Good,E,VVS2,59.9,58.0,554,4.15,4.23,2.51
0.26,Very Good,D,VVS2,62.4,54.0,554,4.08,4.13,2.56
0.26,Very Good,D,VVS2,62.8,60.0,554,4.01,4.05,2.53
0.26,Very Good,E,VVS1,62.6,59.0,554,4.06,4.09,2.55
0.26,Very Good,E,VVS1,63.4,59.0,554,4.0,4.04,2.55
0.26,Very Good,D,VVS1,62.1,60.0,554,4.03,4.12,2.53
0.26,Ideal,E,VVS2,62.9,58.0,554,4.02,4.06,2.54
0.38,Ideal,I,SI2,61.6,56.0,554,4.65,4.67,2.87
0.24,Premium,G,VVS1,62.3,59.0,554,3.95,3.92,2.45
0.24,Premium,H,VVS1,61.2,58.0,554,4.01,3.96,2.44
0.24,Premium,H,VVS1,60.8,59.0,554,4.02,4.0,2.44
0.24,Premium,H,VVS2,60.7,58.0,554,4.07,4.04,2.46
0.7,Ideal,E,SI1,62.5,57.0,2757,5.7,5.72,3.57
0.86,Fair,E,SI2,55.1,69.0,2757,6.45,6.33,3.52
0.7,Ideal,G,VS2,61.6,56.0,2757,5.7,5.67,3.5
0.71,Very Good,E,VS2,62.4,57.0,2759,5.68,5.73,3.56
0.78,Very Good,G,SI2,63.8,56.0,2759,5.81,5.85,3.72
0.7,Good,E,VS2,57.5,58.0,2759,5.85,5.9,3.38
0.7,Good,F,VS1,59.4,62.0,2759,5.71,5.76,3.4
0.96,Fair,F,SI2,66.3,62.0,2759,6.27,5.95,4.07
0.73,Very Good,E,SI1,61.6,59.0,2760,5.77,5.78,3.56
0.8,Premium,H,SI1,61.5,58.0,2760,5.97,5.93,3.66
0.75,Very Good,D,SI1,63.2,56.0,2760,5.8,5.75,3.65
0.75,Premium,E,SI1,59.9,54.0,2760,6.0,5.96,3.58
0.75,Premium,G,VS2,61.7,58.0,2760,5.85,5.79,3.59
0.8,Ideal,I,VS1,62.9,56.0,2760,5.94,5.87,3.72
0.75,Ideal,G,SI1,62.2,55.0,2760,5.87,5.8,3.63
0.8,Premium,G,SI1,63.0,59.0,2760,5.9,5.81,3.69
0.74,Ideal,I,VVS2,62.3,55.0,2761,5.77,5.81,3.61
0.81,Ideal,F,SI2,58.8,57.0,2761,6.14,6.11,3.6
0.59,Ideal,E,VVS2,62.0,55.0,2761,5.38,5.43,3.35
0.8,Ideal,F,SI2,61.4,57.0,2761,5.96,6.0,3.67
0.74,Ideal,E,SI2,62.2,56.0,2761,5.8,5.84,3.62
0.9,Premium,I,VS2,63.0,58.0,2761,6.16,6.12,3.87
0.74,Very Good,G,SI1,62.2,59.0,2762,5.73,5.82,3.59
0.73,Ideal,F,VS2,62.6,56.0,2762,5.77,5.74,3.6
0.73,Ideal,F,VS2,62.7,53.0,2762,5.8,5.75,3.62
0.8,Premium,F,SI2,61.7,58.0,2762,5.98,5.94,3.68
0.71,Ideal,G,VS2,62.4,54.0,2762,5.72,5.76,3.58
0.7,Ideal,E,VS2,60.7,58.0,2762,5.73,5.76,3.49
0.8,Ideal,F,SI2,59.9,59.0,2762,6.01,6.07,3.62
0.74,Ideal,E,SI1,62.3,54.0,2762,5.8,5.83,3.62
0.7,Very Good,F,VS2,61.7,63.0,2762,5.64,5.61,3.47
0.7,Fair,F,VS2,64.5,57.0,2762,5.57,5.53,3.58
0.7,Fair,F,VS2,65.3,55.0,2762,5.63,5.58,3.66
0.7,Premium,F,VS2,61.6,60.0,2762,5.65,5.59,3.46
0.91,Premium,H,SI1,61.4,56.0,2763,6.09,5.97,3.7
0.61,Very Good,D,VVS2,59.6,57.0,2763,5.56,5.58,3.32
0.91,Fair,H,SI2,64.4,57.0,2763,6.11,6.09,3.93
0.91,Fair,H,SI2,65.7,60.0,2763,6.03,5.99,3.95
0.77,Ideal,H,VS2,62.0,56.0,2763,5.89,5.86,3.64
0.71,Very Good,D,SI1,63.6,58.0,2764,5.64,5.68,3.6
0.71,Ideal,D,SI1,61.9,59.0,2764,5.69,5.72,3.53
0.7,Very Good,E,VS2,62.6,60.0,2765,5.62,5.65,3.53
0.77,Very Good,H,VS1,61.3,60.0,2765,5.88,5.9,3.61
0.63,Premium,E,VVS1,60.9,60.0,2765,5.52,5.55,3.37
0.71,Very Good,F,VS1,60.1,62.0,2765,5.74,5.77,3.46
0.71,Premium,F,VS1,61.8,59.0,2765,5.69,5.73,3.53
0.76,Ideal,H,SI1,61.2,57.0,2765,5.88,5.91,3.61
0.64,Ideal,G,VVS1,61.9,56.0,2766,5.53,5.56,3.43
0.71,Premium,G,VS2,60.9,57.0,2766,5.78,5.75,3.51
0.71,Premium,G,VS2,59.8,56.0,2766,5.89,5.81,3.5
0.7,Very Good,D,VS2,61.8,55.0,2767,5.68,5.72,3.52
0.7,Very Good,F,VS1,60.0,57.0,2767,5.8,5.87,3.5
0.7,Good,H,VVS2,62.1,64.0,2767,5.62,5.65,3.5
0.71,Very Good,G,VS1,63.3,59.0,2768,5.52,5.61,3.52
0.73,Very Good,D,SI1,60.2,56.0,2768,5.83,5.87,3.52
0.7,Very Good,D,SI1,61.1,58.0,2768,5.66,5.73,3.48
0.7,Ideal,E,SI1,60.9,57.0,2768,5.73,5.76,3.5
0.71,Premium,D,SI2,61.7,59.0,2768,5.71,5.67,3.51
0.71,Premium,D,VS2,62.5,60.0,2770,5.65,5.61,3.52
0.73,Premium,G,VS2,61.4,59.0,2770,5.83,5.76,3.56
0.76,Very Good,F,SI1,62.9,57.0,2770,5.79,5.81,3.65
0.76,Ideal,D,SI2,62.4,57.0,2770,5.78,5.83,3.62
0.71,Ideal,F,SI1,60.7,56.0,2770,5.77,5.8,3.51
0.73,Premium,G,VS2,60.7,58.0,2770,5.87,5.82,3.55
0.73,Premium,G,VS1,61.5,58.0,2770,5.79,5.75,3.55
0.73,Ideal,D,SI2,59.9,57.0,2770,5.92,5.89,3.54
0.73,Premium,G,VS2,59.2,59.0,2770,5.92,5.87,3.49
0.72,Very Good,H,VVS2,60.3,56.0,2771,5.81,5.83,3.51
0.73,Very Good,F,SI1,61.7,60.0,2771,5.79,5.82,3.58
0.71,Ideal,G,VS2,61.9,57.0,2771,5.73,5.77,3.56
0.79,Ideal,F,SI2,61.9,55.0,2771,5.97,5.92,3.68
0.73,Very Good,H,VVS1,60.4,59.0,2772,5.83,5.89,3.54
0.8,Very Good,F,SI2,61.0,57.0,2772,6.01,6.03,3.67
0.58,Ideal,G,VVS1,61.5,55.0,2772,5.39,5.44,3.33
0.58,Ideal,F,VVS1,61.7,56.0,2772,5.33,5.37,3.3
0.71,Good,E,VS2,59.2,61.0,2772,5.8,5.88,3.46
0.75,Ideal,D,SI2,61.3,56.0,2773,5.85,5.89,3.6
1.17,Very Good,J,I1,60.2,61.0,2774,6.83,6.9,4.13
0.7,Ideal,E,SI1,62.7,55.0,2774,5.68,5.74,3.58
0.83,Good,I,VS2,64.6,54.0,2774,5.85,5.88,3.79
0.74,Very Good,F,VS2,61.3,61.0,2775,5.8,5.84,3.57
0.72,Very Good,G,VS2,63.7,56.4,2776,5.62,5.69,3.61
0.71,Premium,E,VS2,62.7,58.0,2776,5.74,5.68,3.58
0.71,Ideal,E,VS2,62.2,57.0,2776,5.79,5.62,3.55
0.54,Ideal,E,VVS2,61.6,56.0,2776,5.25,5.27,3.24
0.54,Ideal,E,VVS2,61.5,57.0,2776,5.24,5.26,3.23
0.72,Ideal,G,SI1,60.7,56.0,2776,5.79,5.82,3.53
0.71,Ideal,G,SI1,60.5,56.0,2776,5.8,5.76,3.5
0.7,Very Good,D,VS1,62.7,58.0,2777,5.66,5.73,3.57
0.71,Premium,F,VS2,62.1,58.0,2777,5.67,5.7,3.53
0.71,Very Good,F,VS2,62.8,57.0,2777,5.64,5.69,3.56
0.71,Good,F,VS2,63.8,58.0,2777,5.61,5.64,3.59
0.7,Ideal,E,VS2,62.1,55.0,2777,5.7,5.67,3.53
0.7,Premium,E,VS2,61.1,60.0,2777,5.71,5.64,3.47
0.7,Premium,E,SI1,60.0,59.0,2777,5.79,5.75,3.46
0.7,Premium,E,SI1,61.2,57.0,2777,5.73,5.68,3.49
0.7,Premium,E,SI1,62.7,59.0,2777,5.67,5.63,3.54
0.7,Premium,E,SI1,61.0,57.0,2777,5.73,5.68,3.48
0.7,Premium,E,SI1,61.0,58.0,2777,5.78,5.72,3.51
0.7,Ideal,E,SI1,61.4,57.0,2777,5.76,5.7,3.52
0.72,Premium,F,SI1,61.8,61.0,2777,5.82,5.71,3.56
0.7,Very Good,E,SI1,59.9,63.0,2777,5.76,5.7,3.43
0.7,Premium,E,SI1,61.3,58.0,2777,5.71,5.68,3.49
0.7,Premium,E,SI1,60.5,58.0,2777,5.77,5.74,3.48
0.7,Good,E,VS2,64.1,59.0,2777,5.64,5.59,3.6
0.98,Fair,H,SI2,67.9,60.0,2777,6.05,5.97,4.08
0.78,Premium,F,SI1,62.4,58.0,2777,5.83,5.8,3.63
0.7,Very Good,E,SI1,63.2,60.0,2777,5.6,5.51,3.51
0.52,Ideal,F,VVS1,61.3,55.0,2778,5.19,5.22,3.19
0.73,Very Good,H,VS2,60.8,56.0,2779,5.82,5.84,3.55
0.74,Ideal,E,SI1,61.7,56.0,2779,5.84,5.8,3.59
0.7,Very Good,F,VS2,63.6,57.0,2780,5.61,5.65,3.58
0.77,Premium,G,VS2,61.2,58.0,2780,5.9,5.93,3.62
0.71,Ideal,F,VS2,62.1,54.0,2780,5.68,5.72,3.54
0.74,Ideal,G,VS1,61.5,55.0,2780,5.81,5.86,3.59
0.7,Ideal,G,VS1,61.4,59.0,2780,5.64,5.73,3.49
1.01,Premium,F,I1,61.8,60.0,2781,6.39,6.36,3.94
0.77,Ideal,H,SI1,62.2,56.0,2781,5.83,5.88,3.64
0.78,Ideal,H,SI1,61.2,56.0,2781,5.92,5.99,3.64
0.72,Very Good,H,VS1,60.6,63.0,2782,5.83,5.76,3.51
0.53,Very Good,D,VVS2,57.5,64.0,2782,5.34,5.37,3.08
0.76,Ideal,G,VS2,61.3,56.0,2782,5.9,5.94,3.63
0.7,Good,E,VS1,57.2,62.0,2782,5.81,5.77,3.31
0.75,Very Good,D,SI2,63.1,58.0,2782,5.78,5.73,3.63
0.72,Ideal,D,SI1,60.8,57.0,2782,5.76,5.75,3.5
0.7,Premium,D,SI1,62.8,60.0,2782,5.68,5.66,3.56
0.75,Premium,F,SI1,61.4,59.0,2782,5.88,5.85,3.6
0.52,Ideal,F,IF,62.2,55.0,2783,5.14,5.18,3.21
0.72,Very Good,F,VS2,63.0,54.0,2784,5.69,5.73,3.6
0.79,Very Good,H,VS1,63.7,56.0,2784,5.85,5.92,3.75
0.72,Very Good,F,VS2,63.6,58.0,2787,5.66,5.69,3.61
0.51,Ideal,F,VVS1,62.0,57.0,2787,5.11,5.15,3.18
0.64,Ideal,D,VS1,61.5,56.0,2787,5.54,5.55,3.41
0.7,Very Good,H,VVS1,60.5,60.0,2788,5.74,5.77,3.48
0.83,Very Good,I,VS1,61.1,60.0,2788,6.07,6.1,3.72
0.76,Ideal,I,VVS2,61.8,56.0,2788,5.85,5.87,3.62
0.71,Good,D,VS2,63.3,56.0,2788,5.64,5.68,3.58
0.77,Good,G,VS1,59.4,64.0,2788,5.97,5.92,3.53
0.71,Ideal,F,SI1,62.5,55.0,2788,5.71,5.65,3.55
1.01,Fair,E,I1,64.5,58.0,2788,6.29,6.21,4.03
1.01,Premium,H,SI2,62.7,59.0,2788,6.31,6.22,3.93
0.77,Good,F,SI1,64.2,52.0,2789,5.81,5.77,3.72
0.76,Good,E,SI1,63.7,54.0,2789,5.76,5.85,3.7
0.76,Premium,E,SI1,60.4,58.0,2789,5.92,5.94,3.58
0.76,Premium,E,SI1,61.8,58.0,2789,5.82,5.86,3.61
1.05,Very Good,J,SI2,63.2,56.0,2789,6.49,6.45,4.09
0.7,Ideal,E,SI1,61.6,56.0,2789,5.72,5.75,3.53
0.55,Ideal,G,IF,60.9,57.0,2789,5.28,5.3,3.22
0.81,Good,G,SI2,61.0,61.0,2789,5.94,5.99,3.64
0.63,Premium,E,VVS2,62.1,57.0,2789,5.48,5.41,3.38
0.77,Premium,H,VS1,61.3,60.0,2789,5.9,5.88,3.61
1.05,Fair,J,SI2,65.8,59.0,2789,6.41,6.27,4.18
0.64,Ideal,G,IF,61.3,56.0,2790,5.54,5.58,3.41
0.76,Premium,I,VVS1,58.8,59.0,2790,6.0,5.94,3.51
0.83,Ideal,F,SI2,62.3,55.0,2790,6.02,6.05,3.76
0.71,Premium,F,VS1,60.1,62.0,2790,5.77,5.74,3.46
0.71,Premium,F,VS1,61.8,59.0,2790,5.73,5.69,3.53
0.87,Very Good,I,SI1,63.6,55.8,2791,6.07,6.1,3.87
0.73,Ideal,E,SI1,62.2,56.0,2791,5.74,5.78,3.58
0.71,Premium,E,SI1,59.2,59.0,2792,5.83,5.86,3.46
0.71,Premium,E,SI1,61.8,59.0,2792,5.7,5.75,3.54
0.71,Ideal,E,SI1,61.3,55.0,2792,5.72,5.77,3.52
0.7,Premium,F,VS1,62.1,60.0,2792,5.71,5.65,3.53
0.7,Premium,F,VS1,60.7,60.0,2792,5.78,5.75,3.5
0.76,Premium,H,VVS2,59.6,57.0,2792,5.91,5.86,3.51
0.7,Ideal,F,VS1,62.2,56.0,2792,5.73,5.68,3.55
0.7,Very Good,E,VS2,62.9,57.0,2793,5.66,5.69,3.57
0.7,Good,E,VS2,64.1,55.0,2793,5.6,5.66,3.61
0.76,Ideal,I,VS2,61.3,56.0,2793,5.87,5.91,3.61
0.73,Ideal,H,VS2,62.7,55.0,2793,5.72,5.76,3.6
0.79,Very Good,E,SI1,63.2,56.0,2794,5.91,5.86,3.72
0.71,Very Good,E,VS2,60.7,56.0,2795,5.81,5.82,3.53
0.72,Good,F,VS1,60.7,60.0,2795,5.74,5.72,3.48
0.72,Premium,D,SI2,62.0,60.0,2795,5.73,5.69,3.54
0.72,Premium,I,IF,63.0,57.0,2795,5.72,5.7,3.6
0.72,Premium,G,VS2,62.9,57.0,2795,5.73,5.65,3.58
1.0,Premium,I,SI2,58.2,60.0,2795,6.61,6.55,3.83
0.73,Good,E,SI1,63.2,58.0,2796,5.7,5.76,3.62
0.81,Very Good,H,SI2,61.3,59.0,2797,5.94,6.01,3.66
0.81,Very Good,E,SI1,60.3,60.0,2797,6.07,6.1,3.67
0.71,Premium,D,SI1,62.7,60.0,2797,5.67,5.71,3.57
0.71,Premium,D,SI1,61.3,58.0,2797,5.73,5.75,3.52
0.71,Premium,D,SI1,61.6,60.0,2797,5.74,5.69,3.52
0.57,Ideal,F,VVS2,61.9,55.0,2797,5.34,5.35,3.31
0.51,Ideal,D,VVS1,61.7,56.0,2797,5.12,5.16,3.17
0.72,Ideal,G,VS2,61.9,58.0,2797,5.72,5.75,3.55
0.74,Ideal,H,VS1,61.8,58.0,2797,5.77,5.81,3.58
0.74,Ideal,H,VS1,61.6,56.0,2797,5.81,5.82,3.58
0.7,Fair,G,VVS1,58.8,66.0,2797,5.81,5.9,3.44
0.8,Premium,F,SI2,61.0,57.0,2797,6.03,6.01,3.67
1.01,Fair,E,SI2,67.4,60.0,2797,6.19,6.05,4.13
0.8,Very Good,H,VS2,63.4,60.0,2797,5.92,5.82,3.72
0.77,Ideal,I,VS1,61.5,59.0,2798,5.87,5.91,3.62
0.83,Very Good,E,SI2,58.0,62.0,2799,6.19,6.25,3.61
0.82,Ideal,F,SI2,62.4,54.0,2799,5.97,6.02,3.74
0.78,Ideal,D,SI1,61.9,57.0,2799,5.91,5.86,3.64
0.6,Very Good,G,IF,61.6,56.0,2800,5.43,5.46,3.35
0.9,Good,I,SI2,62.2,59.0,2800,6.07,6.11,3.79
0.7,Premium,E,VS1,62.2,58.0,2800,5.6,5.66,3.5
0.9,Very Good,I,SI2,61.3,56.0,2800,6.17,6.23,3.8
0.83,Ideal,G,SI1,62.3,57.0,2800,5.99,6.08,3.76
0.83,Very Good,H,SI1,62.5,59.0,2800,5.95,6.02,3.74
0.74,Premium,G,VS1,62.9,60.0,2800,5.74,5.68,3.59
0.79,Ideal,I,VS1,61.8,59.0,2800,5.92,5.95,3.67
0.61,Ideal,G,IF,62.3,56.0,2800,5.43,5.45,3.39
0.96,Ideal,F,I1,60.7,55.0,2801,6.37,6.41,3.88
0.73,Ideal,F,VS2,62.5,55.0,2801,5.8,5.76,3.61
0.73,Premium,F,VS2,62.7,58.0,2801,5.76,5.7,3.59
0.75,Ideal,H,SI1,60.4,57.0,2801,5.93,5.96,3.59
0.71,Premium,F,VS2,62.1,58.0,2801,5.7,5.67,3.53
0.71,Good,F,VS2,57.8,60.0,2801,5.9,5.87,3.4
0.71,Good,F,VS2,63.8,58.0,2801,5.64,5.61,3.59
0.71,Premium,F,VS2,62.8,57.0,2801,5.69,5.64,3.56
1.04,Premium,G,I1,62.2,58.0,2801,6.46,6.41,4.0
0.87,Very Good,G,SI2,59.9,58.0,2802,6.19,6.23,3.72
0.53,Ideal,F,IF,61.9,54.0,2802,5.22,5.25,3.24
0.72,Premium,E,VS2,63.0,55.0,2802,5.79,5.61,3.59
0.72,Premium,F,VS1,62.4,58.0,2802,5.83,5.7,3.6
0.7,Very Good,F,VS2,62.9,58.0,2803,5.63,5.65,3.55
0.74,Very Good,E,SI1,63.5,56.0,2803,5.74,5.79,3.66
0.71,Ideal,G,VS2,61.3,56.0,2803,5.75,5.71,3.51
0.73,Ideal,E,SI1,60.6,54.0,2803,5.84,5.89,3.55
0.7,Good,G,VS1,65.1,58.0,2803,5.56,5.59,3.63
0.71,Premium,F,VS2,62.6,58.0,2803,5.7,5.67,3.56
0.71,Premium,F,VS2,58.0,62.0,2803,5.85,5.81,3.38
0.71,Premium,G,VS1,62.4,61.0,2803,5.7,5.65,3.54
0.77,Premium,G,VS2,61.3,57.0,2803,5.93,5.88,3.62
0.71,Premium,G,VS2,59.9,60.0,2803,5.81,5.77,3.47
0.78,Premium,G,VS2,60.8,58.0,2803,6.03,5.95,3.64
0.71,Very Good,G,VS1,63.5,55.0,2803,5.66,5.64,3.59
0.91,Ideal,D,SI2,62.2,57.0,2803,6.21,6.15,3.85
0.71,Very Good,E,VS2,63.8,58.0,2804,5.62,5.66,3.6
0.71,Very Good,E,VS2,64.0,57.0,2804,5.66,5.68,3.63
0.8,Very Good,E,SI2,62.5,56.0,2804,5.88,5.96,3.7
0.7,Very Good,D,SI1,62.3,58.0,2804,5.69,5.73,3.56
0.72,Ideal,F,VS1,61.7,57.0,2804,5.74,5.77,3.55
0.72,Very Good,F,VS1,62.2,58.0,2804,5.75,5.7,3.56
0.82,Ideal,H,VS2,61.5,56.0,2804,6.01,6.08,3.72
0.7,Ideal,D,SI1,61.0,59.0,2804,5.68,5.7,3.47
0.72,Ideal,D,SI1,62.2,56.0,2804,5.74,5.77,3.58
0.72,Ideal,D,SI1,61.5,54.0,2804,5.77,5.8,3.56
0.9,Fair,I,SI1,67.3,59.0,2804,5.93,5.84,3.96
0.74,Premium,F,VS2,61.7,58.0,2805,5.85,5.78,3.59
0.74,Premium,F,VS2,61.9,56.0,2805,5.8,5.77,3.58
0.73,Ideal,E,SI2,61.8,58.0,2805,5.77,5.81,3.58
0.57,Fair,E,VVS1,58.7,66.0,2805,5.34,5.43,3.16
0.73,Premium,F,VS2,62.5,57.0,2805,5.75,5.7,3.58
0.72,Ideal,G,VS2,62.8,56.0,2805,5.74,5.7,3.59
0.74,Fair,F,VS2,61.1,68.0,2805,5.82,5.75,3.53
0.82,Good,G,VS2,64.0,57.0,2805,5.92,5.89,3.78
0.81,Very Good,G,SI1,62.5,60.0,2806,5.89,5.94,3.69
0.75,Very Good,H,VVS1,60.6,58.0,2806,5.85,5.9,3.56
0.7,Ideal,F,SI1,61.6,55.0,2806,5.72,5.74,3.53
0.71,Very Good,F,VS1,62.2,58.0,2807,5.66,5.72,3.54
0.71,Very Good,F,VS1,60.0,57.0,2807,5.84,5.9,3.52
0.93,Premium,J,SI2,61.9,57.0,2807,6.21,6.19,3.84
0.7,Very Good,F,VS1,62.0,57.0,2808,5.64,5.71,3.52
1.0,Fair,G,I1,66.4,59.0,2808,6.16,6.09,4.07
0.75,Very Good,G,VS2,63.4,56.0,2808,5.78,5.74,3.65
0.58,Ideal,E,VVS2,60.9,56.0,2808,5.41,5.43,3.3
0.73,Very Good,D,SI1,63.1,57.0,2808,5.74,5.7,3.61
0.81,Very Good,F,SI1,63.1,59.0,2809,5.85,5.79,3.67
0.81,Premium,D,SI2,59.2,57.0,2809,6.15,6.05,3.61
1.2,Fair,F,I1,64.6,56.0,2809,6.73,6.66,4.33
0.7,Very Good,F,VS1,61.8,56.0,2810,5.63,5.7,3.5
0.7,Very Good,F,VS1,59.9,60.0,2810,5.77,5.84,3.48
0.74,Ideal,D,SI2,61.7,55.0,2810,5.81,5.85,3.6
0.7,Good,F,VS1,62.8,61.0,2810,5.57,5.61,3.51
0.8,Good,G,SI1,62.7,57.0,2810,5.84,5.93,3.69
0.75,Very Good,F,SI1,63.4,58.0,2811,5.72,5.76,3.64
0.83,Very Good,D,SI1,63.5,54.0,2811,5.98,5.95,3.79
1.0,Fair,J,VS2,65.7,59.0,2811,6.14,6.07,4.01
0.99,Fair,I,SI2,68.1,56.0,2811,6.21,6.06,4.18
0.7,Very Good,G,VS1,63.0,60.0,2812,5.57,5.64,3.53
0.7,Very Good,F,VS2,59.5,58.0,2812,5.75,5.85,3.45
0.7,Good,E,SI1,63.5,59.0,2812,5.49,5.53,3.5
0.7,Very Good,F,VS2,61.7,58.0,2812,5.63,5.69,3.49
0.32,Premium,I,SI1,62.7,58.0,554,4.37,4.34,2.73
0.32,Premium,I,SI1,62.8,58.0,554,4.39,4.34,2.74
0.32,Ideal,I,SI1,62.4,57.0,554,4.37,4.35,2.72
0.32,Premium,I,SI1,61.0,59.0,554,4.39,4.36,2.67
0.32,Very Good,I,SI1,63.1,56.0,554,4.39,4.36,2.76
0.32,Ideal,I,SI1,60.7,57.0,554,4.47,4.42,2.7
0.3,Premium,H,SI1,60.9,59.0,554,4.31,4.29,2.62
0.3,Premium,H,SI1,62.9,58.0,554,4.28,4.24,2.68
0.3,Very Good,H,SI1,63.3,56.0,554,4.29,4.27,2.71
0.3,Good,H,SI1,63.8,55.0,554,4.26,4.2,2.7
0.3,Ideal,H,SI1,62.9,57.0,554,4.27,4.22,2.67
0.3,Very Good,H,SI1,63.4,60.0,554,4.25,4.23,2.69
0.32,Good,I,SI1,63.9,55.0,554,4.36,4.34,2.78
0.29,Very Good,E,VS1,61.9,55.0,555,4.28,4.33,2.66
0.29,Very Good,E,VS1,62.4,55.0,555,4.2,4.25,2.63
0.31,Very Good,F,SI1,61.8,58.0,555,4.32,4.35,2.68
0.34,Ideal,H,VS2,61.5,56.0,555,4.47,4.5,2.76
0.34,Ideal,H,VS2,60.4,57.0,555,4.54,4.57,2.75
0.34,Ideal,I,VS1,61.8,55.0,555,4.48,4.52,2.78
0.34,Ideal,I,VS1,62.0,56.0,555,4.5,4.53,2.8
0.3,Ideal,G,VS1,62.3,56.0,555,4.29,4.31,2.68
0.29,Ideal,F,VS1,61.6,56.0,555,4.26,4.31,2.64
0.35,Ideal,G,SI1,60.6,56.0,555,4.56,4.58,2.77
0.43,Very Good,E,I1,58.4,62.0,555,4.94,5.0,2.9
0.32,Very Good,F,VS2,61.4,58.0,556,4.37,4.42,2.7
0.36,Ideal,I,VS2,61.9,56.0,556,4.54,4.57,2.82
0.26,Ideal,E,VS1,61.5,57.0,556,4.09,4.12,2.52
0.7,Very Good,F,VS2,62.3,58.0,2812,5.64,5.72,3.54
0.7,Very Good,F,VS2,60.9,61.0,2812,5.66,5.71,3.46
0.99,Fair,J,SI1,55.0,61.0,2812,6.72,6.67,3.68
0.73,Premium,E,VS2,58.6,60.0,2812,5.92,5.89,3.46
0.51,Ideal,F,VVS1,62.0,57.0,2812,5.15,5.11,3.18
0.91,Premium,G,SI2,59.8,58.0,2813,6.3,6.29,3.77
0.91,Good,I,VS2,64.3,58.0,2813,6.09,6.05,3.9
0.76,Premium,E,SI1,62.2,59.0,2814,5.86,5.81,3.63
0.76,Ideal,E,SI1,61.7,57.0,2814,5.88,5.85,3.62
0.75,Premium,E,SI1,61.1,59.0,2814,5.86,5.83,3.57
0.55,Very Good,D,VVS1,61.5,56.0,2815,5.23,5.27,3.23
0.76,Very Good,F,SI2,58.5,62.0,2815,5.93,6.01,3.49
0.74,Premium,G,VS1,61.7,58.0,2815,5.79,5.81,3.58
0.7,Ideal,H,SI1,60.4,56.0,2815,5.75,5.81,3.49
0.7,Ideal,H,SI1,61.4,56.0,2815,5.7,5.76,3.52
0.7,Ideal,H,SI1,61.5,55.0,2815,5.73,5.79,3.54
0.7,Ideal,H,SI1,61.4,56.0,2815,5.72,5.77,3.53
0.9,Fair,J,VS2,65.0,56.0,2815,6.08,6.04,3.94
0.95,Fair,F,SI2,56.0,60.0,2815,6.62,6.53,3.68
0.89,Premium,H,SI2,60.2,59.0,2815,6.26,6.23,3.76
0.72,Premium,E,VS2,58.3,58.0,2815,5.99,5.92,3.47
0.96,Fair,E,SI2,53.1,63.0,2815,6.73,6.65,3.55
1.02,Premium,G,I1,60.3,58.0,2815,6.55,6.5,3.94
0.78,Very Good,I,VVS2,61.4,56.0,2816,5.91,5.95,3.64
0.61,Ideal,G,VVS2,60.1,57.0,2816,5.52,5.54,3.32
0.71,Good,D,VS1,63.4,55.0,2816,5.61,5.69,3.58
0.78,Premium,F,SI1,61.5,59.0,2816,5.96,5.88,3.64
0.87,Ideal,H,SI2,62.7,56.0,2816,6.16,6.13,3.85
0.71,Premium,E,SI1,61.3,56.0,2817,5.78,5.73,3.53
0.71,Ideal,I,VVS2,60.2,56.0,2817,5.84,5.89,3.53
0.71,Ideal,E,VS2,62.7,57.0,2817,5.66,5.64,3.54
0.71,Premium,E,VS2,62.3,58.0,2817,5.69,5.65,3.53
0.63,Ideal,F,VVS2,61.5,56.0,2817,5.48,5.52,3.38
0.71,Premium,E,SI1,59.2,59.0,2817,5.86,5.83,3.46
0.71,Premium,E,SI1,61.8,59.0,2817,5.75,5.7,3.54
0.71,Premium,E,SI1,61.4,58.0,2817,5.77,5.73,3.53
0.9,Ideal,J,VS2,62.8,55.0,2817,6.2,6.16,3.88
0.7,Premium,E,VS2,62.4,61.0,2818,5.66,5.63,3.52
0.7,Premium,E,VS2,59.3,60.0,2818,5.78,5.73,3.41
0.7,Premium,E,VS2,63.0,60.0,2818,5.64,5.6,3.54
1.0,Premium,H,I1,61.3,60.0,2818,6.43,6.39,3.93
0.86,Premium,F,SI2,59.3,62.0,2818,6.36,6.22,3.73
0.8,Ideal,H,SI1,61.0,57.0,2818,6.07,6.0,3.68
0.7,Premium,E,VS1,59.6,57.0,2818,5.91,5.83,3.5
0.7,Premium,F,VS2,61.8,60.0,2818,5.69,5.64,3.5
0.7,Premium,E,VS1,62.7,57.0,2818,5.68,5.64,3.55
1.0,Fair,H,SI2,65.3,62.0,2818,6.34,6.12,4.08
0.72,Very Good,G,VS1,63.8,58.0,2819,5.64,5.68,3.61
0.72,Ideal,H,VS1,62.3,56.0,2819,5.73,5.77,3.58
0.7,Good,F,VS1,59.7,63.0,2819,5.76,5.79,3.45
0.86,Good,F,SI2,64.3,60.0,2819,5.97,5.95,3.83
0.75,Ideal,E,SI1,62.0,57.0,2821,5.8,5.78,3.59
0.73,Premium,E,VS2,61.6,59.0,2821,5.77,5.73,3.54
0.53,Ideal,E,VVS1,61.9,55.0,2821,5.2,5.21,3.22
0.73,Premium,E,SI1,61.3,58.0,2821,5.83,5.76,3.55
0.73,Good,E,SI1,63.6,57.0,2821,5.72,5.7,3.63
0.73,Very Good,E,SI1,63.2,58.0,2821,5.76,5.7,3.62
0.7,Premium,E,VS1,60.8,60.0,2822,5.74,5.71,3.48
0.72,Premium,E,VS2,60.3,59.0,2822,5.84,5.8,3.51
0.72,Premium,E,VS2,60.9,60.0,2822,5.8,5.76,3.52
0.72,Premium,E,VS2,62.4,59.0,2822,5.77,5.7,3.58
0.7,Premium,E,VS2,60.2,60.0,2822,5.73,5.7,3.44
0.6,Ideal,F,VVS2,62.0,55.0,2822,5.37,5.4,3.34
0.74,Ideal,I,VVS1,60.8,57.0,2822,5.85,5.89,3.57
0.73,Ideal,F,SI1,62.1,55.0,2822,5.75,5.78,3.58
0.71,Premium,D,SI1,62.7,60.0,2822,5.71,5.67,3.57
0.71,Premium,D,SI1,61.3,58.0,2822,5.75,5.73,3.52
0.7,Premium,D,SI1,60.2,60.0,2822,5.82,5.75,3.48
0.7,Ideal,D,SI1,60.7,56.0,2822,5.75,5.72,3.48
0.9,Good,J,VS2,64.0,61.0,2822,6.04,6.03,3.86
0.7,Premium,E,VS2,61.5,59.0,2822,5.73,5.68,3.51
0.7,Premium,E,VS2,62.6,56.0,2822,5.71,5.66,3.56
0.7,Ideal,D,SI1,59.7,58.0,2822,5.82,5.77,3.46
0.7,Good,E,SI1,61.4,64.0,2822,5.71,5.66,3.49
0.7,Ideal,D,SI1,62.5,57.0,2822,5.62,5.59,3.51
0.7,Ideal,D,SI1,61.8,56.0,2822,5.73,5.63,3.51
0.7,Premium,E,VS2,60.7,62.0,2822,5.72,5.68,3.46
0.7,Premium,F,VS2,60.6,58.0,2822,5.8,5.72,3.49
0.7,Ideal,D,SI1,61.4,54.0,2822,5.75,5.71,3.52
0.9,Good,I,SI1,63.8,57.0,2823,6.06,6.13,3.89
0.61,Ideal,E,VVS2,61.3,54.0,2823,5.51,5.59,3.4
0.71,Ideal,E,SI1,60.5,56.0,2823,5.77,5.73,3.47
0.77,Ideal,I,VVS2,62.1,57.0,2824,5.84,5.86,3.63
0.74,Good,E,VS1,63.1,58.0,2824,5.73,5.75,3.62
0.82,Premium,E,SI2,60.8,60.0,2824,6.05,6.03,3.67
0.71,Premium,G,VS1,62.2,59.0,2825,5.73,5.66,3.54
0.83,Premium,H,SI1,60.0,59.0,2825,6.08,6.05,3.64
0.73,Very Good,G,VS1,62.0,57.0,2825,5.75,5.8,3.58
0.83,Premium,H,SI1,62.5,59.0,2825,6.02,5.95,3.74
1.17,Premium,J,I1,60.2,61.0,2825,6.9,6.83,4.13
0.91,Fair,H,SI2,61.3,67.0,2825,6.24,6.19,3.81
0.73,Premium,E,VS1,62.6,60.0,2826,5.75,5.68,3.58
0.7,Good,E,VS1,57.2,59.0,2826,5.94,5.88,3.38
0.9,Premium,I,SI2,62.2,59.0,2826,6.11,6.07,3.79
0.7,Premium,E,VS1,62.2,58.0,2826,5.66,5.6,3.5
0.7,Very Good,D,VS2,63.3,56.0,2826,5.6,5.58,3.54
0.7,Premium,E,VS1,59.4,61.0,2826,5.78,5.74,3.42
0.9,Very Good,I,SI2,63.5,56.0,2826,6.17,6.07,3.88
0.78,Premium,F,SI1,60.8,60.0,2826,5.97,5.94,3.62
0.96,Ideal,F,I1,60.7,55.0,2826,6.41,6.37,3.88
0.7,Very Good,D,SI1,62.3,59.0,2827,5.67,5.7,3.54
0.72,Good,D,VS2,64.0,54.0,2827,5.68,5.7,3.64
0.79,Premium,H,VVS2,62.6,58.0,2827,5.96,5.9,3.71
0.7,Ideal,H,VVS1,61.6,57.0,2827,5.69,5.74,3.52
0.7,Ideal,H,VVS1,62.3,55.0,2827,5.66,5.7,3.54
0.7,Ideal,D,SI2,60.6,57.0,2828,5.74,5.77,3.49
1.01,Premium,H,SI2,61.6,61.0,2828,6.39,6.31,3.91
0.72,Premium,F,VS1,62.2,58.0,2829,5.75,5.7,3.56
0.8,Good,E,SI2,63.7,54.0,2829,5.91,5.87,3.75
0.59,Ideal,E,VVS1,62.0,56.0,2829,5.36,5.38,3.33
0.72,Ideal,F,VS1,61.7,57.0,2829,5.77,5.74,3.55
0.75,Premium,E,SI2,61.9,57.0,2829,5.88,5.82,3.62
0.8,Premium,E,SI2,60.2,57.0,2829,6.05,6.01,3.63
0.71,Very Good,E,VS2,62.7,59.0,2830,5.65,5.7,3.56
0.77,Very Good,H,SI1,61.7,56.0,2830,5.84,5.89,3.62
0.97,Ideal,F,I1,60.7,56.0,2830,6.41,6.43,3.9
0.53,Ideal,F,VVS1,60.9,57.0,2830,5.23,5.29,3.19
0.53,Ideal,F,VVS1,61.8,57.0,2830,5.16,5.19,3.2
0.8,Ideal,I,VS2,62.1,54.4,2830,5.94,5.99,3.7
0.9,Premium,G,SI1,60.6,62.0,2830,6.21,6.13,3.74
0.76,Very Good,E,SI2,60.8,60.0,2831,5.89,5.98,3.61
0.72,Ideal,E,SI1,62.3,57.0,2831,5.7,5.76,3.57
0.75,Ideal,E,SI1,61.4,57.0,2831,5.82,5.87,3.59
0.72,Premium,E,SI1,62.1,58.0,2831,5.73,5.76,3.57
0.79,Ideal,G,SI1,61.8,56.0,2831,5.93,5.91,3.66
0.72,Very Good,F,VS2,62.5,58.0,2832,5.71,5.75,3.58
0.91,Very Good,I,SI2,62.8,61.0,2832,6.15,6.18,3.87
0.71,Premium,G,VVS2,62.1,57.0,2832,5.75,5.65,3.54
0.81,Premium,G,SI1,63.0,60.0,2832,5.87,5.81,3.68
0.71,Premium,F,VS1,62.2,58.0,2832,5.72,5.66,3.54
0.9,Good,J,SI1,64.3,63.0,2832,6.05,6.01,3.88
0.8,Very Good,I,VS2,62.0,58.0,2833,5.86,5.95,3.66
0.56,Very Good,E,IF,61.0,59.0,2833,5.28,5.34,3.24
0.7,Very Good,D,VS2,59.6,61.0,2833,5.77,5.8,3.45
0.7,Ideal,D,VS2,61.0,57.0,2833,5.74,5.76,3.51
0.61,Ideal,F,VVS2,61.7,55.0,2833,5.45,5.48,3.37
0.85,Ideal,H,SI2,62.5,57.0,2833,6.02,6.07,3.78
0.7,Ideal,F,SI1,60.7,57.0,2833,5.73,5.75,3.49
0.8,Ideal,G,VS2,62.2,56.0,2834,5.94,5.87,3.67
0.8,Ideal,H,VS2,62.8,57.0,2834,5.91,5.87,3.7
0.51,Very Good,D,VVS1,59.9,58.0,2834,5.16,5.19,3.1
0.53,Ideal,F,VVS1,61.4,57.0,2834,5.2,5.23,3.2
0.78,Ideal,I,VS2,61.8,55.0,2834,5.92,5.95,3.67
0.9,Very Good,J,SI1,63.4,54.0,2834,6.17,6.14,3.9
0.9,Fair,G,SI2,65.3,59.0,2834,6.07,6.0,3.94
0.77,Ideal,E,SI2,60.7,55.0,2834,6.01,5.95,3.63
0.73,Ideal,F,VS1,61.2,56.0,2835,5.89,5.81,3.58
0.63,Ideal,F,VVS2,61.9,57.0,2835,5.47,5.51,3.4
0.7,Ideal,E,VS2,61.5,54.0,2835,5.7,5.75,3.52
0.72,Ideal,E,VS2,62.8,57.0,2835,5.71,5.73,3.59
0.72,Ideal,E,SI1,61.0,57.0,2835,5.78,5.8,3.53
0.82,Very Good,H,SI1,60.7,56.0,2836,6.04,6.06,3.67
0.71,Good,E,VS2,62.8,60.0,2836,5.6,5.65,3.53
0.7,Premium,E,VS1,62.6,59.0,2837,5.69,5.66,3.55
0.7,Ideal,E,VS1,61.8,56.0,2837,5.74,5.69,3.53
0.71,Ideal,F,SI1,59.8,53.0,2838,5.86,5.82,3.49
0.76,Very Good,H,SI1,60.9,55.0,2838,5.92,5.94,3.61
0.82,Fair,F,SI1,64.9,58.0,2838,5.83,5.79,3.77
0.72,Premium,F,VS1,58.8,60.0,2838,5.91,5.89,3.47
0.7,Premium,F,VS2,62.3,58.0,2838,5.72,5.64,3.54
0.7,Premium,F,VS2,61.7,58.0,2838,5.69,5.63,3.49
0.7,Premium,G,VS1,62.6,55.0,2838,5.73,5.64,3.56
0.7,Premium,F,VS2,59.4,61.0,2838,5.83,5.79,3.45
0.7,Premium,F,VS2,60.9,61.0,2838,5.71,5.66,3.46
0.74,Very Good,E,SI1,60.0,57.0,2839,5.85,5.89,3.52
0.71,Ideal,F,VS1,61.5,57.0,2839,5.74,5.71,3.52
0.7,Ideal,F,VS1,61.6,54.0,2839,5.75,5.72,3.53
0.71,Ideal,F,VS1,62.1,55.0,2839,5.82,5.68,3.57
0.71,Premium,F,VS1,59.1,61.0,2839,5.84,5.81,3.44
0.71,Premium,F,VS1,59.0,60.0,2839,5.82,5.8,3.43
0.71,Premium,F,VS1,60.5,58.0,2839,5.75,5.72,3.47
0.7,Ideal,F,VS1,62.4,53.0,2839,5.73,5.71,3.57
0.73,Ideal,G,VS2,61.8,54.0,2839,5.8,5.82,3.59
0.7,Ideal,E,VS2,62.1,54.0,2839,5.69,5.72,3.54
0.7,Ideal,G,VS1,61.3,57.0,2839,5.71,5.74,3.51
0.71,Premium,G,VVS2,60.3,58.0,2839,5.82,5.78,3.5
0.71,Premium,F,VS1,59.2,58.0,2839,5.87,5.82,3.46
0.79,Premium,G,VS2,59.3,62.0,2839,6.09,6.01,3.59
0.71,Premium,F,VS1,62.7,59.0,2839,5.7,5.62,3.55
0.77,Very Good,H,VS1,61.0,60.0,2840,5.9,5.87,3.59
0.7,Ideal,F,SI1,61.0,56.0,2840,5.75,5.8,3.52
0.71,Premium,F,VS2,59.3,56.0,2840,5.88,5.82,3.47
0.92,Ideal,D,SI2,61.9,56.0,2840,6.27,6.2,3.86
0.83,Premium,F,SI2,61.4,59.0,2840,6.08,6.04,3.72
0.7,Premium,H,VVS1,59.2,60.0,2840,5.87,5.78,3.45
0.73,Premium,F,VS2,60.3,59.0,2841,5.9,5.87,3.55
0.71,Very Good,D,VS1,63.4,55.0,2841,5.69,5.61,3.58
0.73,Very Good,D,SI1,63.9,57.0,2841,5.66,5.71,3.63
0.82,Ideal,F,SI2,61.7,53.0,2841,6.0,6.12,3.74
0.82,Ideal,F,SI2,62.3,56.0,2841,5.96,6.02,3.73
0.82,Very Good,F,SI2,59.7,57.0,2841,6.12,6.14,3.66
0.52,Ideal,F,VVS1,61.2,56.0,2841,5.19,5.21,3.18
1.0,Premium,F,I1,58.9,60.0,2841,6.6,6.55,3.87
0.95,Fair,G,SI1,66.7,56.0,2841,6.16,6.03,4.06
0.73,Ideal,D,SI1,61.4,57.0,2841,5.76,5.8,3.55
0.73,Premium,F,VS2,59.9,59.0,2841,5.87,5.77,3.5
0.73,Premium,G,VS1,61.4,58.0,2841,5.82,5.77,3.56
0.8,Ideal,I,VS1,62.6,54.0,2842,5.92,5.96,3.72
0.7,Premium,F,VS2,58.7,61.0,2842,5.8,5.72,3.38
0.7,Very Good,E,VS2,60.2,62.0,2843,5.71,5.75,3.45
0.7,Very Good,E,VS2,62.7,58.0,2843,5.65,5.67,3.55
0.71,Very Good,E,VS2,59.4,58.0,2843,5.76,5.82,3.44
0.81,Very Good,F,SI2,63.2,58.0,2843,5.91,5.92,3.74
0.71,Very Good,D,SI1,61.5,58.0,2843,5.73,5.79,3.54
0.73,Ideal,G,VVS2,61.3,57.0,2843,5.81,5.84,3.57
0.73,Very Good,F,VS1,61.8,59.0,2843,5.73,5.79,3.56
0.72,Ideal,E,VS2,62.0,57.0,2843,5.71,5.74,3.55
0.81,Ideal,F,SI2,62.1,57.0,2843,5.91,5.95,3.68
0.71,Ideal,G,VVS2,60.7,57.0,2843,5.81,5.78,3.52
0.73,Very Good,E,SI1,57.7,61.0,2844,5.92,5.96,3.43
0.7,Very Good,E,VS1,62.0,59.0,2844,5.65,5.68,3.51
1.01,Ideal,I,I1,61.5,57.0,2844,6.45,6.46,3.97
1.01,Good,I,I1,63.1,57.0,2844,6.35,6.39,4.02
0.79,Ideal,H,VS2,62.5,57.0,2844,5.91,5.93,3.7
0.7,Very Good,E,VS2,61.8,59.0,2845,5.65,5.68,3.5
0.7,Very Good,E,VS2,58.9,60.0,2845,5.83,5.85,3.44
0.8,Good,H,VS2,63.4,60.0,2845,5.92,5.82,3.72
1.27,Premium,H,SI2,59.3,61.0,2845,7.12,7.05,4.2
0.79,Ideal,D,SI1,61.5,56.0,2846,5.96,5.91,3.65
0.72,Very Good,F,VS1,60.2,59.0,2846,5.79,5.84,3.5
0.73,Ideal,H,VVS2,61.6,56.0,2846,5.79,5.84,3.58
1.01,Fair,H,SI2,65.4,59.0,2846,6.3,6.26,4.11
1.01,Good,H,I1,64.2,61.0,2846,6.25,6.18,3.99
0.73,Ideal,E,SI1,59.1,59.0,2846,5.92,5.95,3.51
0.7,Ideal,E,SI1,61.6,57.0,2846,5.71,5.76,3.53
0.7,Good,F,VS2,59.1,61.0,2846,5.76,5.84,3.43
0.77,Premium,E,SI1,62.9,59.0,2846,5.84,5.79,3.66
0.77,Premium,G,VS2,61.3,60.0,2846,5.91,5.81,3.59
0.77,Premium,G,VS1,61.4,58.0,2846,5.94,5.89,3.63
0.84,Very Good,H,SI1,61.2,57.0,2847,6.1,6.12,3.74
0.72,Ideal,E,SI1,60.3,57.0,2847,5.83,5.85,3.52
0.76,Premium,D,SI1,61.1,59.0,2847,5.93,5.88,3.61
0.7,Very Good,G,VVS2,62.9,59.0,2848,5.61,5.68,3.55
0.54,Ideal,D,VVS2,61.5,55.0,2848,5.25,5.29,3.24
0.75,Fair,D,SI2,64.6,57.0,2848,5.74,5.72,3.7
0.79,Good,E,SI1,64.1,54.0,2849,5.86,5.84,3.75
0.74,Very Good,E,VS1,63.1,58.0,2849,5.75,5.73,3.62
0.7,Very Good,E,VS2,61.0,60.0,2850,5.74,5.77,3.51
0.7,Ideal,F,VS2,60.8,59.0,2850,5.69,5.79,3.49
0.75,Ideal,J,SI1,61.5,56.0,2850,5.83,5.87,3.6
1.2,Very Good,H,I1,63.1,60.0,2850,6.75,6.67,4.23
0.8,Very Good,F,SI1,63.4,57.0,2851,5.89,5.82,3.71
0.87,Very Good,F,SI2,61.0,63.0,2851,6.22,6.07,3.75
0.86,Premium,H,SI1,62.7,59.0,2851,6.04,5.98,3.77
0.74,Ideal,F,SI1,61.0,57.0,2851,5.85,5.81,3.56
0.58,Very Good,E,IF,60.6,59.0,2852,5.37,5.43,3.27
0.78,Ideal,I,VS1,61.5,57.0,2852,5.88,5.92,3.63
0.74,Ideal,G,SI1,61.3,55.0,2852,5.85,5.86,3.59
0.73,Ideal,E,SI1,62.7,55.0,2852,5.7,5.79,3.6
0.91,Very Good,I,SI1,63.5,57.0,2852,6.12,6.07,3.87
0.71,Premium,F,VS2,62.6,58.0,2853,5.67,5.7,3.56
0.71,Good,G,VS1,63.5,55.0,2853,5.64,5.66,3.59
0.79,Premium,D,SI2,60.0,60.0,2853,6.07,6.03,3.63
0.71,Premium,E,SI1,62.7,58.0,2853,5.73,5.66,3.57
0.82,Premium,I,VS1,61.9,58.0,2853,5.99,5.97,3.7
0.78,Very Good,H,VS1,61.9,57.1,2854,5.87,5.95,3.66
0.7,Very Good,E,VS1,62.4,56.0,2854,5.64,5.7,3.54
1.12,Premium,H,I1,59.1,61.0,2854,6.78,6.75,4.0
0.73,Premium,E,VS2,62.0,57.0,2854,5.86,5.76,3.6
0.91,Fair,J,VS2,64.4,62.0,2854,6.06,6.03,3.89
0.91,Fair,J,VS2,65.4,60.0,2854,6.04,6.0,3.94
0.91,Good,J,VS2,64.2,58.0,2854,6.12,6.09,3.92
0.91,Fair,H,SI1,65.8,58.0,2854,6.04,6.01,3.96
0.7,Premium,E,VS1,58.4,59.0,2854,5.91,5.83,3.43
0.73,Very Good,F,VS2,62.5,57.0,2855,5.7,5.75,3.58
1.03,Good,J,SI1,63.6,57.0,2855,6.38,6.29,4.03
0.74,Premium,D,VS2,62.4,57.0,2855,5.8,5.74,3.6
0.98,Fair,E,SI2,53.3,67.0,2855,6.82,6.74,3.61
1.0,Fair,G,SI2,67.8,61.0,2856,5.96,5.9,4.02
1.02,Ideal,H,SI2,61.6,55.0,2856,6.49,6.43,3.98
0.6,Ideal,F,VVS2,60.8,57.0,2856,5.44,5.49,3.32
0.8,Ideal,G,SI2,61.6,56.0,2856,5.97,6.01,3.69
1.0,Fair,I,SI1,67.9,62.0,2856,6.19,6.03,4.15
0.26,Ideal,E,VS1,62.3,57.0,556,4.05,4.08,2.53
0.26,Ideal,E,VS1,62.1,56.0,556,4.09,4.12,2.55
0.36,Ideal,H,SI1,61.9,55.0,556,4.57,4.59,2.83
0.34,Good,G,VS2,57.5,61.0,556,4.6,4.66,2.66
0.34,Good,E,SI1,63.3,57.0,556,4.44,4.47,2.82
0.34,Good,E,SI1,63.5,55.0,556,4.44,4.47,2.83
0.34,Good,E,SI1,63.4,55.0,556,4.44,4.46,2.82
0.34,Very Good,G,VS2,59.6,62.0,556,4.54,4.56,2.71
0.34,Ideal,E,SI1,62.2,54.0,556,4.47,4.5,2.79
0.32,Good,E,VS2,64.1,54.0,556,4.34,4.37,2.79
0.31,Ideal,I,VVS1,61.6,55.0,557,4.36,4.41,2.7
0.31,Ideal,I,VVS1,61.3,56.0,557,4.36,4.38,2.68
0.31,Ideal,I,VVS1,62.3,54.0,557,4.37,4.4,2.73
0.31,Ideal,I,VVS1,62.0,54.0,557,4.37,4.4,2.72
0.31,Ideal,I,VVS1,62.7,53.0,557,4.33,4.35,2.72
0.31,Ideal,I,VVS1,62.2,53.0,557,4.36,4.38,2.72
0.31,Ideal,G,VS2,62.2,53.6,557,4.32,4.35,2.7
0.31,Ideal,H,VS1,61.8,54.2,557,4.33,4.37,2.69
0.33,Premium,G,SI2,59.4,59.0,557,4.52,4.5,2.68
0.33,Premium,G,SI2,62.6,58.0,557,4.42,4.4,2.76
0.33,Ideal,G,SI2,61.9,56.0,557,4.45,4.41,2.74
0.33,Premium,F,SI2,63.0,58.0,557,4.42,4.4,2.78
0.33,Premium,J,VS1,62.8,58.0,557,4.41,4.38,2.76
0.33,Premium,J,VS1,61.5,61.0,557,4.46,4.39,2.72
0.33,Ideal,J,VS1,62.1,55.0,557,4.44,4.41,2.75
0.33,Ideal,I,SI1,63.0,57.0,557,4.39,4.37,2.76
0.33,Good,I,SI1,63.6,53.0,557,4.43,4.4,2.81
0.33,Premium,I,SI1,60.4,59.0,557,4.54,4.5,2.73
1.0,Fair,H,SI2,66.1,56.0,2856,6.21,5.97,4.04
0.77,Premium,F,SI1,60.8,59.0,2856,5.92,5.86,3.58
0.77,Premium,F,SI1,61.0,58.0,2856,5.94,5.9,3.61
0.7,Good,E,VVS2,60.1,63.0,2857,5.68,5.71,3.42
0.9,Very Good,G,SI2,63.1,58.0,2857,6.08,6.02,3.82
0.72,Ideal,E,SI1,62.3,57.0,2857,5.76,5.7,3.57
0.9,Premium,I,VS2,61.9,59.0,2857,6.2,6.14,3.82
0.72,Premium,E,SI1,62.1,58.0,2857,5.76,5.73,3.57
0.7,Ideal,G,VVS2,62.1,56.0,2858,5.63,5.71,3.52
0.81,Very Good,F,SI1,61.3,57.0,2858,6.02,6.05,3.7
0.81,Very Good,F,SI1,61.7,57.0,2858,6.0,6.05,3.72
0.71,Premium,E,VS2,61.0,60.0,2858,5.76,5.69,3.49
0.7,Premium,E,VS2,61.4,59.0,2858,5.73,5.7,3.51
0.71,Premium,E,VS2,61.5,60.0,2858,5.76,5.68,3.52
0.71,Very Good,E,VS2,63.5,59.0,2858,5.68,5.59,3.58
0.92,Premium,J,SI1,62.9,58.0,2858,6.22,6.18,3.9
0.76,Ideal,E,SI1,62.7,54.0,2858,5.88,5.83,3.67
0.73,Ideal,D,SI1,61.5,56.0,2858,5.84,5.8,3.58
0.7,Good,E,VVS2,63.6,62.0,2858,5.61,5.58,3.56
0.9,Fair,G,SI2,64.5,56.0,2858,6.06,6.0,3.89
0.71,Fair,D,VS2,56.9,65.0,2858,5.89,5.84,3.34
0.7,Ideal,D,VS2,61.0,57.0,2859,5.76,5.74,3.51
0.7,Premium,D,VS2,62.4,56.0,2859,5.72,5.66,3.55
0.77,Premium,F,VS1,60.9,60.0,2859,5.91,5.88,3.59
0.71,Ideal,G,VS1,61.5,56.0,2859,5.74,5.78,3.54
0.7,Premium,D,VS2,59.6,61.0,2859,5.8,5.77,3.45
0.71,Very Good,F,VS2,61.3,61.0,2860,5.68,5.73,3.5
0.9,Very Good,J,SI2,63.6,58.0,2860,6.07,6.1,3.87
0.6,Ideal,E,VVS2,61.9,54.9,2860,5.41,5.44,3.35
0.71,Premium,D,VS1,62.9,57.0,2860,5.66,5.6,3.54
0.62,Ideal,G,VVS2,61.6,56.0,2861,5.45,5.48,3.37
0.62,Ideal,G,VVS2,61.6,56.0,2861,5.48,5.51,3.38
0.9,Premium,I,SI1,63.0,58.0,2861,6.09,6.01,3.81
0.62,Fair,F,IF,60.1,61.0,2861,5.53,5.56,3.33
0.82,Premium,E,SI2,61.7,59.0,2861,6.01,5.98,3.7
0.66,Premium,D,VS1,61.0,58.0,2861,5.67,5.57,3.43
0.7,Very Good,D,SI1,62.5,55.0,2862,5.67,5.72,3.56
0.8,Very Good,F,SI1,62.6,58.0,2862,5.9,5.92,3.7
0.8,Very Good,D,SI2,62.5,59.0,2862,5.88,5.92,3.69
0.79,Premium,F,SI1,62.3,54.0,2862,5.97,5.91,3.7
0.71,Very Good,F,VVS1,63.2,60.0,2862,5.65,5.61,3.56
0.7,Very Good,E,VS2,58.7,63.0,2862,5.73,5.69,3.35
0.79,Premium,H,VS1,60.0,60.0,2862,6.07,5.99,3.64
0.7,Premium,E,VS2,59.5,59.0,2862,5.82,5.77,3.45
1.22,Premium,E,I1,60.9,57.0,2862,6.93,6.88,4.21
1.01,Fair,E,SI2,67.6,57.0,2862,6.21,6.11,4.18
0.73,Premium,E,VS2,62.5,61.0,2862,5.78,5.64,3.59
0.91,Good,I,VS2,64.3,58.0,2863,6.05,6.09,3.9
0.71,Ideal,D,SI1,60.8,56.0,2863,5.8,5.77,3.52
0.83,Premium,G,SI1,62.3,58.0,2863,6.01,5.97,3.73
0.84,Premium,F,SI2,62.3,59.0,2863,6.06,6.01,3.76
0.71,Premium,D,SI1,61.0,61.0,2863,5.82,5.75,3.53
0.71,Premium,D,SI1,59.7,59.0,2863,5.82,5.8,3.47
0.71,Premium,D,SI1,61.7,56.0,2863,5.8,5.68,3.54
0.71,Ideal,D,SI1,61.7,57.0,2863,5.75,5.7,3.53
0.71,Premium,D,SI1,61.4,58.0,2863,5.79,5.75,3.54
0.71,Premium,D,SI1,60.6,58.0,2863,5.79,5.77,3.5
0.91,Premium,J,SI1,59.5,62.0,2863,6.4,6.18,3.74
0.9,Premium,J,VS2,59.8,62.0,2863,6.24,6.21,3.72
0.71,Premium,H,VVS2,61.5,62.0,2863,5.74,5.68,3.51
0.72,Ideal,F,VS2,59.5,57.0,2863,5.91,5.86,3.5
0.72,Premium,E,SI1,60.9,60.0,2863,5.78,5.74,3.51
0.71,Ideal,E,VS2,61.0,55.0,2863,5.79,5.75,3.52
0.83,Very Good,I,VS2,61.6,58.0,2865,6.05,6.07,3.73
0.73,Premium,D,SI1,60.8,55.0,2865,5.87,5.81,3.55
0.56,Very Good,D,VVS1,62.0,56.0,2866,5.25,5.3,3.27
0.56,Very Good,D,VVS1,61.8,55.0,2866,5.27,5.31,3.27
0.71,Ideal,E,VS1,62.2,55.0,2866,5.74,5.7,3.56
0.7,Ideal,H,VVS1,62.3,58.0,2866,5.66,5.7,3.54
0.96,Premium,I,SI1,61.3,58.0,2866,6.39,6.3,3.89
0.71,Very Good,H,VVS1,62.9,57.0,2867,5.67,5.69,3.57
0.7,Ideal,D,VS2,62.4,57.0,2867,5.68,5.61,3.52
0.71,Ideal,H,VVS1,60.4,57.0,2867,5.78,5.81,3.5
0.8,Premium,H,VS2,61.2,53.0,2867,6.05,5.98,3.68
0.95,Premium,F,SI2,58.4,57.0,2867,6.49,6.41,3.77
0.82,Ideal,F,SI2,62.3,56.0,2867,5.99,5.95,3.72
0.52,Ideal,F,VVS1,61.2,56.0,2867,5.21,5.19,3.18
0.82,Ideal,F,SI2,61.7,53.0,2867,6.12,6.0,3.74
0.82,Ideal,F,SI2,62.3,56.0,2867,6.02,5.96,3.73
0.82,Premium,F,SI2,59.7,57.0,2867,6.14,6.12,3.66
0.8,Ideal,G,SI1,61.3,57.0,2867,5.96,5.91,3.64
0.72,Ideal,I,VS1,62.4,55.0,2868,5.72,5.75,3.58
0.75,Very Good,E,SI1,63.1,56.0,2868,5.78,5.7,3.62
1.08,Premium,D,I1,61.9,60.0,2869,6.55,6.48,4.03
0.72,Ideal,E,SI1,60.8,55.0,2869,5.77,5.84,3.53
0.62,Ideal,G,IF,61.8,56.0,2869,5.43,5.47,3.37
0.73,Ideal,G,VVS2,61.3,57.0,2869,5.84,5.81,3.57
0.72,Ideal,H,VVS2,60.9,57.0,2869,5.79,5.77,3.52
0.52,Premium,F,VVS2,61.8,60.0,2870,5.16,5.13,3.18
0.64,Premium,E,VVS2,62.1,58.0,2870,5.56,5.51,3.44
0.8,Ideal,G,SI1,62.5,57.0,2870,5.94,5.9,3.7
0.74,Ideal,H,SI1,62.1,56.0,2870,5.77,5.83,3.6
0.72,Ideal,F,SI1,61.5,56.0,2870,5.72,5.79,3.54
0.82,Ideal,H,VS2,59.5,57.0,2870,6.12,6.09,3.63
0.73,Premium,E,VS1,61.3,59.0,2870,5.81,5.78,3.55
1.04,Premium,I,I1,61.6,61.0,2870,6.47,6.45,3.98
0.73,Very Good,E,SI1,61.3,58.0,2871,5.76,5.83,3.55
0.73,Good,E,SI1,63.6,57.0,2871,5.7,5.72,3.63
0.9,Premium,J,SI1,62.8,59.0,2871,6.13,6.03,3.82
0.75,Ideal,I,SI1,61.8,55.0,2871,5.83,5.85,3.61
0.79,Ideal,G,SI1,62.6,55.0,2871,5.91,5.95,3.71
0.7,Good,D,SI1,62.5,56.7,2872,5.59,5.62,3.51
0.75,Very Good,D,SI1,60.7,55.0,2872,5.87,5.92,3.58
1.02,Ideal,I,I1,61.7,56.0,2872,6.44,6.49,3.99
0.7,Very Good,G,SI2,59.0,62.0,2872,5.79,5.81,3.42
0.7,Ideal,D,SI1,61.8,56.0,2872,5.63,5.73,3.51
0.7,Good,E,SI1,61.4,64.0,2872,5.66,5.71,3.49
0.7,Ideal,D,SI1,61.4,54.0,2872,5.71,5.75,3.52
0.7,Ideal,D,SI1,60.7,56.0,2872,5.72,5.75,3.48
0.7,Very Good,D,SI1,60.2,60.0,2872,5.75,5.82,3.48
0.72,Very Good,E,VS2,58.3,57.0,2872,5.89,5.94,3.45
0.74,Ideal,E,SI1,62.3,58.0,2872,5.74,5.78,3.59
0.84,Good,G,SI1,65.1,55.0,2872,5.88,5.97,3.86
0.77,Very Good,E,SI1,63.2,58.0,2873,5.8,5.84,3.68
0.76,Ideal,E,SI2,62.8,56.0,2873,5.78,5.82,3.64
1.0,Ideal,I,SI2,61.7,56.0,2873,6.45,6.41,3.97
1.0,Fair,H,SI1,65.5,62.0,2873,6.14,6.07,4.0
0.9,Fair,I,SI1,65.7,58.0,2873,6.03,6.0,3.95
0.9,Premium,J,SI1,61.8,58.0,2873,6.16,6.13,3.8
0.9,Good,J,SI1,64.0,61.0,2873,6.0,5.96,3.83
0.9,Fair,I,SI1,65.3,61.0,2873,5.98,5.94,3.89
0.9,Fair,I,SI1,65.8,56.0,2873,6.01,5.96,3.94
0.9,Premium,J,SI1,60.9,61.0,2873,6.26,6.22,3.8
0.78,Premium,F,VS2,62.6,58.0,2874,5.91,5.82,3.67
0.7,Premium,F,VS1,59.0,59.0,2874,5.79,5.77,3.41
0.7,Premium,F,VS1,60.8,62.0,2874,5.71,5.67,3.46
0.7,Premium,G,VVS2,61.8,58.0,2874,5.67,5.63,3.49
0.7,Ideal,F,VS1,61.0,55.0,2874,5.77,5.73,3.51
0.7,Ideal,F,VS1,61.6,55.0,2874,5.75,5.71,3.53
0.7,Ideal,F,VS1,62.4,56.0,2874,5.69,5.65,3.54
0.7,Premium,G,VVS2,62.9,59.0,2874,5.68,5.61,3.55
1.0,Fair,H,SI2,67.7,60.0,2875,6.11,5.98,4.09
0.77,Ideal,H,SI1,62.4,56.0,2875,5.84,5.9,3.66
1.0,Fair,J,VS1,65.5,55.0,2875,6.3,6.25,4.11
1.0,Fair,I,SI1,66.3,61.0,2875,6.08,6.03,4.01
1.0,Fair,H,SI2,69.5,55.0,2875,6.17,6.1,4.26
0.73,Premium,E,VS1,62.6,60.0,2876,5.68,5.75,3.58
0.79,Premium,E,VS2,60.6,53.0,2876,6.04,5.98,3.64
0.71,Ideal,E,VS1,62.4,56.0,2877,5.75,5.7,3.57
0.74,Ideal,G,VS2,62.3,55.0,2877,5.8,5.83,3.62
0.7,Good,H,VVS1,62.7,56.0,2877,5.6,5.66,3.53
0.7,Good,F,VS1,59.1,62.0,2877,5.82,5.86,3.44
0.79,Very Good,F,SI1,62.8,59.0,2878,5.86,5.89,3.69
0.79,Very Good,F,SI1,62.7,60.0,2878,5.82,5.89,3.67
0.79,Very Good,D,SI2,59.7,58.0,2878,6.0,6.07,3.6
0.71,Ideal,I,VS2,61.5,55.0,2878,5.76,5.78,3.55
0.79,Ideal,F,SI1,62.8,56.0,2878,5.88,5.9,3.7
0.73,Very Good,F,SI1,61.4,56.0,2879,5.81,5.86,3.58
0.63,Premium,E,IF,60.3,62.0,2879,5.55,5.53,3.34
0.7,Premium,F,VS1,60.4,60.0,2879,5.73,5.7,3.45
0.71,Premium,F,VS1,62.7,58.0,2879,5.71,5.67,3.57
0.84,Ideal,G,SI2,61.0,56.0,2879,6.13,6.1,3.73
0.84,Ideal,G,SI2,62.3,55.0,2879,6.08,6.03,3.77
1.02,Ideal,J,SI2,60.3,54.0,2879,6.53,6.5,3.93
0.72,Fair,F,VS1,56.9,69.0,2879,5.93,5.77,3.33
0.72,Ideal,F,VS1,62.0,56.0,2879,5.76,5.73,3.56
0.92,Very Good,J,SI2,58.7,61.0,2880,6.34,6.43,3.75
0.74,Very Good,D,SI1,63.9,57.0,2880,5.72,5.74,3.66
0.7,Ideal,H,VVS1,62.0,55.0,2881,5.74,5.71,3.55
0.71,Very Good,E,VS2,60.0,59.0,2881,5.84,5.83,3.5
1.05,Premium,H,I1,62.0,59.0,2881,6.5,6.47,4.02
0.7,Very Good,H,IF,62.8,56.0,2882,5.62,5.65,3.54
0.54,Ideal,F,VVS1,61.8,56.0,2882,5.23,5.26,3.24
0.73,Premium,F,VS2,59.9,58.0,2882,5.87,5.84,3.51
0.73,Premium,F,VS2,58.7,57.0,2882,5.97,5.92,3.49
0.72,Ideal,D,SI1,61.8,56.0,2883,5.75,5.81,3.57
0.9,Good,H,SI2,62.7,64.0,2883,6.09,6.0,3.79
1.03,Fair,I,SI2,65.3,55.0,2884,6.32,6.27,4.11
0.84,Very Good,F,SI1,63.8,57.0,2885,5.95,6.0,3.81
1.01,Premium,I,SI1,62.7,60.0,2885,6.36,6.27,3.96
0.77,Ideal,D,SI2,61.5,55.0,2885,5.9,5.93,3.64
0.8,Fair,E,SI1,56.3,63.0,2885,6.22,6.14,3.48
0.9,Fair,D,SI2,66.9,57.0,2885,6.02,5.9,3.99
0.73,Ideal,E,SI1,61.4,56.0,2886,5.79,5.81,3.56
0.72,Ideal,E,SI1,62.7,55.0,2886,5.64,5.69,3.55
0.7,Premium,E,VS1,62.6,59.0,2887,5.66,5.69,3.55
0.72,Very Good,G,VVS2,62.5,58.0,2889,5.68,5.72,3.56
0.7,Very Good,E,VS2,63.5,54.0,2889,5.62,5.66,3.58
0.7,Very Good,F,VS1,62.2,58.0,2889,5.64,5.75,3.54
0.9,Good,H,SI2,63.5,58.0,2889,6.09,6.14,3.88
0.71,Very Good,F,VS1,62.8,56.0,2889,5.69,5.72,3.58
0.5,Ideal,E,VVS2,62.2,54.0,2889,5.08,5.12,3.17
0.5,Ideal,E,VVS2,62.2,54.0,2889,5.09,5.11,3.17
0.74,Ideal,F,SI1,61.2,56.0,2889,5.83,5.87,3.58
0.77,Premium,F,VS2,61.8,56.0,2889,5.94,5.9,3.66
0.77,Premium,E,SI1,59.8,61.0,2889,5.99,5.95,3.57
0.8,Ideal,F,SI1,61.5,54.0,2890,6.07,6.0,3.71
0.8,Premium,F,SI1,61.5,60.0,2890,5.97,5.94,3.66
0.8,Good,F,SI1,63.8,59.0,2890,5.87,5.83,3.73
0.66,Ideal,G,VVS1,61.5,56.0,2890,5.61,5.58,3.44
0.71,Very Good,E,VS2,61.2,58.0,2891,5.71,5.79,3.52
0.71,Ideal,F,VS2,61.2,56.0,2891,5.73,5.77,3.52
0.71,Ideal,E,VS2,61.6,56.0,2891,5.74,5.76,3.54
0.71,Ideal,E,VS2,62.7,56.0,2891,5.71,5.75,3.59
0.72,Ideal,D,SI1,61.1,56.0,2891,5.78,5.81,3.54
0.71,Good,D,VS2,62.3,61.0,2891,5.7,5.73,3.56
0.86,Ideal,H,SI2,61.8,55.0,2892,6.12,6.14,3.79
1.19,Fair,H,I1,65.1,59.0,2892,6.62,6.55,4.29
0.71,Very Good,F,VS1,62.6,55.0,2893,5.66,5.71,3.56
0.82,Very Good,G,SI2,62.5,56.0,2893,5.99,6.04,3.76
0.71,Ideal,G,VVS2,61.5,57.0,2893,5.73,5.75,3.53
0.75,Ideal,F,VS2,62.5,57.0,2893,5.78,5.83,3.63
0.7,Very Good,H,VVS1,59.2,60.0,2893,5.87,5.78,3.45
0.8,Ideal,G,SI2,62.5,55.0,2893,5.89,5.92,3.69
0.82,Good,G,SI2,59.9,62.0,2893,6.02,6.04,3.61
0.82,Very Good,G,SI1,63.4,55.0,2893,6.0,5.93,3.78
0.82,Premium,G,SI1,59.9,59.0,2893,6.09,6.06,3.64
0.81,Very Good,E,SI2,62.4,57.0,2894,5.91,5.99,3.71
0.81,Ideal,G,SI2,62.2,57.0,2894,5.96,6.0,3.72
0.76,Ideal,F,SI1,61.4,56.0,2894,5.88,5.92,3.62
0.71,Very Good,G,VS2,60.9,56.0,2895,5.75,5.78,3.51
0.7,Very Good,F,VS1,61.8,59.0,2895,5.66,5.76,3.53
0.74,Very Good,G,VS1,59.8,58.0,2896,5.85,5.89,3.51
0.77,Very Good,G,VS2,61.3,60.0,2896,5.81,5.91,3.59
0.77,Very Good,G,VS2,58.3,63.0,2896,6.0,6.05,3.51
0.79,Ideal,D,SI1,61.5,56.0,2896,5.91,5.96,3.65
0.73,Ideal,E,SI2,61.5,55.0,2896,5.82,5.86,3.59
0.77,Ideal,D,SI2,62.1,56.0,2896,5.83,5.89,3.64
0.77,Premium,E,SI1,60.9,58.0,2896,5.94,5.88,3.6
1.01,Very Good,I,I1,63.1,57.0,2896,6.39,6.35,4.02
0.6,Very Good,D,VVS2,60.6,57.0,2897,5.48,5.51,3.33
0.76,Premium,E,SI1,61.1,58.0,2897,5.91,5.85,3.59
0.54,Ideal,D,VVS2,61.4,52.0,2897,5.3,5.34,3.26
0.72,Ideal,E,SI1,62.5,55.0,2897,5.69,5.74,3.57
0.72,Good,F,VS1,59.4,61.0,2897,5.82,5.89,3.48
0.74,Premium,D,VS2,61.8,58.0,2897,5.81,5.77,3.58
1.12,Premium,J,SI2,60.6,59.0,2898,6.68,6.61,4.03
0.75,Ideal,D,SI1,62.3,55.0,2898,5.83,5.8,3.62
0.77,Ideal,D,SI1,62.6,57.0,2898,5.92,5.81,3.67
0.98,Good,H,SI2,57.9,56.0,2898,6.51,6.47,3.76
0.79,Ideal,G,SI1,62.3,57.0,2898,5.9,5.85,3.66
0.79,Ideal,G,SI1,62.3,57.0,2898,5.9,5.85,3.66
0.79,Ideal,G,SI1,62.3,57.0,2898,5.9,5.85,3.66
0.79,Ideal,G,SI1,62.3,57.0,2898,5.9,5.85,3.66
0.79,Ideal,G,SI1,62.3,57.0,2898,5.9,5.85,3.66
0.7,Good,G,VVS1,59.9,61.0,2899,5.75,5.81,3.46
0.7,Very Good,F,SI1,61.9,58.0,2900,5.71,5.72,3.54
0.72,Premium,D,VS1,62.7,58.0,2900,5.68,5.65,3.55
0.8,Premium,F,SI1,62.7,58.0,2901,5.91,5.93,3.71
0.81,Ideal,E,SI2,63.0,56.0,2901,5.95,5.9,3.73
0.81,Premium,E,SI2,62.5,59.0,2901,5.97,5.9,3.71
0.74,Ideal,E,VS2,61.9,57.0,2901,5.81,5.78,3.59
0.73,Premium,E,VS2,62.0,60.0,2902,5.76,5.73,3.56
0.73,Ideal,E,VS2,61.4,55.0,2902,5.82,5.8,3.57
0.75,Ideal,G,SI1,61.6,55.0,2902,5.82,5.86,3.6
0.71,Fair,E,VS2,64.6,59.0,2902,5.62,5.59,3.62
0.71,Premium,E,VS2,59.6,60.0,2902,5.85,5.8,3.47
0.75,Premium,D,SI1,62.8,60.0,2903,5.78,5.74,3.62
0.75,Ideal,D,SI1,62.3,57.0,2903,5.83,5.8,3.62
0.72,Ideal,D,SI1,61.9,55.0,2903,5.78,5.75,3.57
0.72,Premium,D,SI1,61.4,59.0,2903,5.79,5.71,3.53
0.72,Premium,E,VS2,61.1,59.0,2903,5.8,5.75,3.53
0.79,Very Good,F,SI1,63.0,54.0,2904,5.91,5.94,3.73
0.79,Very Good,D,SI2,62.8,57.0,2904,5.85,5.9,3.69
0.7,Very Good,E,VS1,58.4,59.0,2904,5.83,5.91,3.43
0.62,Ideal,E,VVS2,62.0,56.0,2904,5.48,5.52,3.41
0.7,Very Good,G,VVS2,59.3,62.0,2905,5.78,5.82,3.44
0.7,Very Good,G,VVS2,63.4,59.0,2905,5.62,5.64,3.57
0.7,Very Good,G,VVS2,63.3,59.0,2905,5.59,5.62,3.55
0.71,Very Good,G,VS2,62.1,58.0,2905,5.65,5.71,3.53
0.86,Very Good,I,VS1,61.2,58.0,2905,6.1,6.16,3.75
0.53,Ideal,D,VVS1,62.5,54.0,2905,5.16,5.21,3.24
0.95,Good,I,SI2,63.8,57.0,2905,6.23,6.13,3.94
0.91,Premium,J,SI1,62.8,59.0,2905,6.19,6.14,3.87
0.74,Very Good,D,VS2,62.4,57.0,2906,5.74,5.8,3.6
0.8,Ideal,I,VS1,62.2,58.0,2906,5.92,5.95,3.69
0.74,Good,E,SI1,62.8,61.0,2906,5.74,5.76,3.61
0.61,Ideal,E,VVS2,62.4,53.9,2907,5.42,5.43,3.38
0.61,Ideal,E,VVS2,62.4,53.6,2907,5.42,5.45,3.39
0.61,Ideal,E,VVS2,62.1,54.2,2907,5.43,5.45,3.38
0.72,Ideal,H,VVS1,62.8,57.0,2907,5.68,5.72,3.58
0.7,Ideal,F,VS2,62.3,53.0,2907,5.69,5.73,3.56
0.71,Ideal,F,VS1,61.9,56.0,2907,5.7,5.74,3.54
0.79,Ideal,G,SI1,60.3,60.0,2907,5.98,6.02,3.62
0.72,Ideal,E,SI1,62.6,56.0,2907,5.7,5.73,3.58
0.33,Ideal,G,SI2,62.9,55.0,557,4.46,4.41,2.79
0.39,Ideal,H,SI2,61.5,57.0,558,4.66,4.7,2.88
0.32,Ideal,D,SI1,61.3,55.0,558,4.41,4.46,2.72
0.25,Premium,F,VS1,61.2,59.0,558,4.05,4.02,2.47
0.25,Premium,E,VS1,60.7,59.0,558,4.13,4.11,2.5
0.25,Premium,E,VS1,61.5,60.0,558,4.04,4.02,2.48
0.31,Premium,I,VS2,60.8,58.0,558,4.37,4.34,2.65
0.31,Premium,I,VS2,59.8,60.0,558,4.42,4.38,2.63
0.31,Very Good,I,VS2,63.2,55.0,558,4.4,4.3,2.75
0.31,Premium,H,SI1,58.7,60.0,558,4.47,4.43,2.61
0.31,Premium,H,SI1,62.7,58.0,558,4.34,4.31,2.71
0.31,Ideal,E,SI2,61.7,56.0,558,4.4,4.35,2.7
0.31,Ideal,E,SI2,61.3,55.0,558,4.37,4.34,2.67
0.31,Premium,I,VS2,60.8,60.0,558,4.42,4.37,2.67
0.31,Ideal,I,VS2,59.9,57.0,558,4.4,4.38,2.63
0.31,Premium,I,VS2,59.9,60.0,558,4.44,4.41,2.65
0.31,Premium,I,VS2,61.1,58.0,558,4.38,4.36,2.67
0.31,Premium,I,VS2,60.7,61.0,558,4.34,4.32,2.63
0.31,Very Good,I,VS2,63.1,54.0,558,4.34,4.31,2.73
0.31,Premium,I,VS2,62.3,60.0,558,4.32,4.31,2.69
0.31,Premium,H,SI1,61.7,59.0,558,4.39,4.36,2.7
0.31,Good,H,SI1,63.6,57.0,558,4.31,4.28,2.73
0.31,Premium,H,SI1,62.4,57.0,558,4.35,4.31,2.7
0.31,Premium,H,SI1,62.8,58.0,558,4.32,4.28,2.7
0.31,Ideal,H,SI1,62.9,56.0,558,4.31,4.27,2.7
0.31,Premium,E,SI2,60.9,60.0,558,4.38,4.35,2.66
0.82,Very Good,H,SI1,63.6,56.0,2908,5.9,5.95,3.77
0.73,Ideal,I,VS1,61.5,55.0,2908,5.8,5.84,3.58
0.71,Ideal,H,VS1,61.2,56.0,2909,5.76,5.81,3.54
0.71,Ideal,H,VS1,61.9,56.0,2909,5.7,5.74,3.54
0.9,Ideal,I,SI2,61.9,57.0,2909,6.19,6.13,3.81
0.71,Very Good,D,VS1,62.9,57.0,2910,5.6,5.66,3.54
1.05,Premium,I,SI2,58.3,57.0,2911,6.72,6.67,3.9
0.59,Ideal,E,VVS2,61.1,57.0,2911,5.39,5.41,3.3
0.71,Ideal,G,VS2,60.6,56.0,2911,5.76,5.8,3.5
0.77,Good,F,VS2,60.3,61.0,2911,5.89,5.96,3.57
0.73,Good,E,VS2,64.2,54.0,2912,5.68,5.72,3.66
0.7,Good,E,VS2,58.7,63.0,2912,5.69,5.73,3.35
0.73,Good,E,VS2,63.2,56.0,2912,5.75,5.76,3.64
0.8,Premium,E,SI1,61.2,60.0,2912,5.97,5.95,3.65
1.0,Fair,H,SI2,65.2,54.0,2912,6.3,6.22,4.08
1.0,Fair,I,SI1,66.0,56.0,2912,6.31,6.24,4.13
1.0,Fair,H,SI2,67.0,55.0,2912,6.25,6.12,4.16
0.7,Very Good,D,VS2,60.7,60.0,2913,5.72,5.74,3.48
0.71,Premium,D,SI1,61.4,58.0,2913,5.75,5.79,3.54
0.71,Premium,G,SI2,60.8,59.0,2913,5.7,5.74,3.48
0.71,Premium,D,SI1,60.6,58.0,2913,5.77,5.79,3.5
0.71,Very Good,D,SI1,61.7,56.0,2913,5.68,5.8,3.54
0.71,Ideal,D,SI1,61.7,57.0,2913,5.7,5.75,3.53
0.71,Premium,D,SI1,59.7,59.0,2913,5.8,5.82,3.47
0.91,Premium,I,SI2,62.0,59.0,2913,6.18,6.23,3.85
0.83,Premium,E,SI1,62.2,59.0,2913,6.05,5.97,3.74
0.85,Ideal,G,SI2,62.0,57.0,2913,6.1,6.02,3.76
0.8,Very Good,F,SI1,63.5,55.0,2914,5.86,5.89,3.73
0.73,Ideal,E,SI1,61.4,58.0,2914,5.76,5.8,3.55
0.83,Very Good,I,VS2,62.0,55.0,2915,6.03,6.06,3.74
0.77,Very Good,G,SI1,63.6,57.0,2915,5.79,5.88,3.71
0.8,Very Good,G,SI2,62.0,55.0,2915,5.94,6.01,3.7
0.71,Ideal,F,VS2,62.2,56.0,2915,5.74,5.71,3.56
0.73,Very Good,H,VS1,60.8,57.0,2916,5.8,5.83,3.54
0.93,Ideal,I,SI1,62.0,57.0,2917,6.22,6.26,3.87
0.74,Premium,F,VS1,62.5,60.0,2917,5.78,5.74,3.6
0.7,Ideal,E,VS2,62.5,58.0,2917,5.63,5.67,3.53
0.71,Ideal,F,VS2,61.2,56.0,2917,5.77,5.73,3.52
0.71,Very Good,F,VS2,59.5,58.0,2918,5.82,5.87,3.48
0.8,Very Good,H,VS2,61.2,53.0,2918,5.98,6.05,3.68
0.71,Ideal,H,VVS1,62.1,54.0,2918,5.7,5.76,3.56
0.72,Ideal,I,VS2,61.8,55.0,2918,5.75,5.79,3.56
0.83,Very Good,D,SI2,63.1,57.0,2918,5.95,5.9,3.74
0.72,Very Good,G,VS1,60.5,57.0,2919,5.8,5.83,3.52
0.8,Very Good,H,SI1,62.5,56.0,2919,5.92,5.96,3.71
0.73,Premium,G,VVS2,62.2,56.0,2919,5.79,5.75,3.59
0.7,Good,F,VS1,63.8,58.0,2919,5.61,5.58,3.57
0.73,Ideal,H,VS1,61.9,55.0,2919,5.79,5.76,3.58
0.71,Premium,E,VS1,59.7,57.0,2920,5.87,5.78,3.48
0.72,Ideal,F,SI1,61.0,55.0,2920,5.78,5.85,3.55
0.71,Premium,F,VS1,59.1,59.0,2920,5.88,5.83,3.46
0.71,Ideal,F,VS1,62.6,55.0,2920,5.71,5.67,3.56
0.74,Very Good,H,VVS2,60.5,60.0,2921,5.79,5.81,3.51
0.71,Very Good,E,VS2,59.9,59.0,2921,5.77,5.81,3.47
0.71,Very Good,E,VS2,60.7,60.0,2921,5.75,5.78,3.5
0.71,Very Good,D,SI1,60.1,60.0,2921,5.76,5.79,3.47
0.65,Ideal,F,VVS2,61.3,56.0,2921,5.58,5.61,3.43
0.9,Fair,I,VS2,64.1,66.0,2921,6.04,5.98,3.85
0.71,Very Good,E,VS2,63.7,58.0,2922,5.6,5.64,3.58
0.71,Very Good,E,VS2,63.3,59.0,2922,5.62,5.66,3.57
0.68,Very Good,F,VS1,59.7,57.0,2922,5.79,5.76,3.45
0.53,Ideal,F,VVS1,61.6,56.0,2922,5.24,5.18,3.21
0.77,Ideal,D,SI2,60.6,56.0,2922,5.95,5.9,3.59
0.72,Very Good,E,VS2,63.0,57.0,2923,5.69,5.73,3.6
0.72,Very Good,E,VS2,63.2,58.0,2923,5.67,5.72,3.6
0.7,Very Good,E,SI1,61.8,59.0,2923,5.63,5.69,3.5
0.75,Very Good,E,SI1,62.3,58.0,2923,5.78,5.81,3.61
0.75,Very Good,E,SI1,61.5,58.0,2923,5.82,5.86,3.59
0.87,Ideal,H,SI1,62.5,57.0,2923,6.13,6.06,3.81
0.71,Ideal,E,VS1,62.4,54.0,2923,5.71,5.74,3.57
0.77,Ideal,D,SI2,60.2,56.0,2923,5.98,6.04,3.62
0.78,Ideal,F,SI1,61.1,56.0,2923,5.94,5.98,3.64
0.75,Good,E,SI1,58.3,60.0,2923,5.94,5.99,3.48
0.9,Premium,I,VS2,58.7,60.0,2923,6.35,6.28,3.7
0.7,Ideal,I,VS1,61.5,56.0,2924,5.71,5.75,3.52
0.8,Very Good,D,SI1,58.2,63.0,2925,6.07,6.03,3.52
0.7,Very Good,F,VS1,64.5,58.0,2925,5.55,5.59,3.59
0.51,Very Good,E,IF,63.3,58.0,2925,5.03,5.08,3.2
0.71,Ideal,I,IF,61.5,56.0,2925,5.74,5.77,3.54
1.02,Ideal,I,I1,61.7,56.0,2925,6.49,6.44,3.99
1.2,Premium,I,I1,60.5,58.0,2925,6.9,6.79,4.14
0.81,Good,D,SI2,63.6,55.0,2926,5.91,5.86,3.74
0.81,Premium,F,SI1,61.2,56.0,2926,6.03,6.0,3.68
0.81,Premium,F,SI1,61.3,60.0,2926,6.0,5.94,3.66
0.77,Very Good,H,VS1,63.3,57.0,2927,5.79,5.83,3.68
0.8,Ideal,I,SI1,59.4,58.0,2927,6.07,6.09,3.61
0.7,Very Good,F,VS2,61.3,54.0,2928,5.72,5.76,3.52
0.7,Very Good,D,VS2,60.8,59.0,2928,5.67,5.71,3.46
0.74,Very Good,E,SI1,61.0,58.0,2929,5.82,5.85,3.56
0.8,Very Good,G,VS2,61.1,57.0,2929,6.01,6.07,3.69
0.7,Ideal,G,VS2,61.8,57.0,2929,5.68,5.71,3.52
0.7,Ideal,E,SI1,60.1,57.0,2929,5.78,5.83,3.49
0.71,Very Good,E,VS2,61.3,60.0,2930,5.74,5.71,3.51
0.7,Premium,E,VS1,60.3,58.0,2930,5.7,5.74,3.45
0.7,Ideal,E,VS1,62.3,54.0,2930,5.67,5.72,3.55
0.71,Ideal,F,VS2,62.3,57.0,2930,5.69,5.74,3.56
0.71,Ideal,G,VS1,62.7,57.0,2930,5.69,5.73,3.58
0.71,Ideal,G,VS1,62.6,57.0,2930,5.67,5.7,3.56
0.9,Very Good,E,SI2,58.7,63.0,2930,6.23,6.2,3.65
0.9,Fair,E,SI2,65.0,58.0,2930,6.08,6.04,3.94
0.71,Ideal,G,VVS1,61.7,57.0,2930,5.75,5.7,3.53
0.7,Very Good,G,VVS2,60.8,57.0,2931,5.72,5.76,3.49
0.72,Very Good,F,VS2,63.3,57.0,2931,5.69,5.72,3.61
0.7,Premium,G,VVS1,62.0,61.0,2932,5.71,5.62,3.51
0.7,Premium,F,VVS2,61.0,57.0,2932,5.8,5.71,3.51
0.7,Very Good,F,VVS2,63.2,58.0,2932,5.66,5.6,3.56
0.72,Very Good,G,VVS2,62.2,57.0,2933,5.67,5.72,3.54
0.59,Very Good,D,VVS2,60.6,59.0,2933,5.44,5.49,3.31
0.73,Premium,F,VS2,59.9,58.0,2933,5.84,5.87,3.51
0.75,Ideal,F,VS2,62.3,57.0,2933,5.81,5.87,3.64
0.75,Good,D,SI2,57.6,56.0,2933,5.98,6.07,3.47
0.9,Good,H,SI2,62.7,64.0,2934,6.0,6.09,3.79
0.71,Ideal,D,SI2,62.0,54.0,2934,5.77,5.74,3.57
0.91,Premium,H,SI1,60.2,52.0,2935,6.27,6.15,3.74
1.17,Fair,I,I1,65.4,62.0,2935,6.68,6.57,4.33
0.8,Premium,H,VS1,62.0,60.0,2935,5.92,5.86,3.65
0.7,Very Good,G,VVS2,61.8,60.0,2936,5.63,5.69,3.5
0.81,Very Good,H,SI1,60.2,58.0,2936,6.06,6.1,3.66
0.74,Ideal,F,VS2,60.5,59.0,2936,5.81,5.86,3.53
0.7,Ideal,D,SI2,62.6,54.0,2936,5.69,5.72,3.57
0.82,Ideal,E,SI2,62.1,56.0,2937,6.01,5.98,3.72
0.76,Premium,E,SI1,58.3,62.0,2937,6.12,5.95,3.52
0.76,Premium,G,VS1,59.6,57.0,2937,6.01,5.91,3.55
0.95,Premium,G,SI2,58.8,60.0,2937,6.35,6.31,3.72
0.71,Very Good,H,VVS1,62.7,57.0,2938,5.66,5.72,3.57
0.81,Ideal,E,SI2,60.2,57.0,2938,6.1,6.06,3.66
0.73,Very Good,G,VS1,60.7,57.0,2939,5.76,5.83,3.52
0.83,Very Good,F,SI2,61.9,56.0,2939,5.99,6.02,3.72
0.8,Ideal,E,SI2,60.8,56.0,2939,6.02,6.01,3.66
0.73,Ideal,F,VS2,62.7,58.0,2939,5.72,5.77,3.6
0.72,Ideal,E,SI2,62.4,57.0,2939,5.71,5.74,3.57
0.8,Premium,E,SI2,59.9,58.0,2939,6.03,5.96,3.59
0.81,Ideal,I,VS2,61.8,56.0,2939,6.02,5.99,3.71
0.82,Premium,H,VS2,62.6,59.0,2939,5.99,5.93,3.73
0.7,Good,F,VVS2,63.1,57.0,2940,5.59,5.66,3.55
1.24,Very Good,J,I1,61.9,55.0,2940,6.85,6.92,4.26
0.7,Very Good,F,VVS2,62.6,59.0,2940,5.6,5.64,3.52
0.7,Ideal,F,VS1,61.2,54.0,2940,5.92,5.64,3.54
1.0,Good,H,I1,57.6,61.0,2940,6.67,6.6,3.82
0.75,Ideal,E,VS2,61.6,57.0,2940,5.84,5.81,3.59
0.7,Ideal,E,VS2,61.5,56.0,2940,5.73,5.68,3.51
0.79,Very Good,E,SI2,59.2,59.0,2941,6.04,6.06,3.58
0.8,Good,F,SI1,63.8,59.0,2941,5.83,5.87,3.73
0.81,Very Good,F,SI2,62.7,58.0,2942,5.92,5.95,3.72
0.71,Premium,F,VS1,61.1,58.0,2942,5.76,5.72,3.51
1.03,Fair,G,SI2,65.7,59.0,2942,6.3,6.24,4.12
0.7,Ideal,F,VS2,60.8,56.0,2942,5.78,5.79,3.52
0.76,Premium,D,SI1,61.6,59.0,2942,5.84,5.82,3.59
1.01,Fair,G,SI2,67.1,59.0,2942,6.27,6.19,4.18
0.73,Ideal,D,SI1,61.4,56.0,2943,5.82,5.78,3.56
0.72,Ideal,F,VS2,62.0,56.0,2943,5.77,5.75,3.57
0.74,Very Good,H,VVS2,61.3,58.0,2944,5.8,5.85,3.57
0.79,Ideal,G,SI1,61.6,55.0,2944,5.96,5.98,3.68
0.57,Very Good,D,VVS1,60.4,57.0,2945,5.39,5.44,3.27
0.79,Very Good,H,VS2,61.5,55.0,2945,5.89,5.94,3.64
0.78,Very Good,D,SI1,62.4,58.0,2945,5.86,5.9,3.67
0.85,Good,G,SI1,64.9,56.0,2945,5.95,5.98,3.87
0.71,Very Good,E,VS1,63.3,59.0,2946,5.64,5.67,3.58
0.71,Very Good,E,VS1,62.7,57.0,2946,5.69,5.73,3.58
0.72,Ideal,H,VVS1,62.2,56.0,2946,5.72,5.75,3.57
0.72,Ideal,H,VVS1,62.5,57.0,2946,5.7,5.73,3.57
0.77,Ideal,I,SI1,61.5,56.0,2946,5.9,5.93,3.64
0.79,Ideal,E,SI1,62.3,55.0,2946,5.9,5.94,3.69
0.78,Very Good,H,VS1,61.7,56.0,2947,5.92,5.94,3.66
0.76,Ideal,E,VS1,62.1,57.0,2947,5.82,5.87,3.63
0.92,Ideal,H,SI2,58.5,57.0,2947,6.37,6.34,3.72
0.73,Premium,D,VS2,60.9,59.0,2947,5.82,5.77,3.53
0.7,Ideal,H,VVS1,61.2,57.0,2947,5.69,5.72,3.49
0.7,Ideal,H,VVS1,60.5,58.0,2947,5.76,5.81,3.5
0.74,Ideal,I,VS1,62.0,56.0,2947,5.79,5.82,3.6
0.74,Ideal,I,VS1,61.1,57.0,2947,5.83,5.86,3.57
0.73,Ideal,D,SI1,61.2,57.0,2947,5.79,5.81,3.55
0.82,Good,H,VS2,62.4,54.0,2947,5.97,6.04,3.75
0.9,Premium,I,SI1,60.9,56.0,2947,6.26,6.21,3.8
0.73,Ideal,G,VS1,61.7,55.0,2948,5.8,5.84,3.59
0.7,Ideal,E,SI1,62.0,56.0,2948,5.68,5.7,3.53
0.9,Premium,I,SI2,62.5,58.0,2948,6.15,6.1,3.83
0.9,Fair,I,SI2,66.4,60.0,2948,5.92,5.86,3.91
0.9,Ideal,I,SI2,62.0,56.0,2948,6.2,6.16,3.83
1.0,Fair,E,SI2,65.8,58.0,2948,6.28,6.16,4.09
0.72,Very Good,E,VS2,63.0,56.0,2949,5.66,5.73,3.59
0.76,Ideal,E,SI1,61.7,57.0,2949,5.84,5.89,3.62
0.77,Ideal,D,SI1,62.6,57.0,2949,5.81,5.92,3.67
0.72,Ideal,H,VS1,62.3,55.0,2949,5.72,5.74,3.57
0.99,Fair,J,SI1,58.0,67.0,2949,6.57,6.5,3.79
0.81,Very Good,I,VS1,62.7,58.0,2950,5.9,5.96,3.72
0.71,Ideal,G,VS1,62.4,57.0,2950,5.68,5.73,3.56
0.71,Premium,D,VS2,62.1,60.0,2950,5.72,5.68,3.54
0.54,Ideal,F,VVS1,61.6,55.0,2951,5.27,5.28,3.25
0.72,Very Good,D,VS1,62.7,58.0,2951,5.65,5.68,3.55
0.81,Ideal,H,SI1,62.3,58.0,2951,5.95,5.96,3.71
0.73,Ideal,F,SI1,61.6,55.0,2951,5.77,5.81,3.56
0.72,Ideal,E,SI1,61.0,56.0,2951,5.84,5.79,3.55
0.7,Very Good,E,VS2,62.4,58.0,2952,5.66,5.68,3.54
0.7,Very Good,E,VS2,63.4,59.0,2952,5.63,5.67,3.58
0.7,Very Good,E,VS2,61.8,59.0,2952,5.63,5.67,3.49
0.7,Very Good,E,VS1,61.3,60.0,2952,5.68,5.7,3.49
0.72,Ideal,G,VS2,61.5,55.0,2952,5.76,5.79,3.55
0.72,Ideal,G,VS2,61.4,55.0,2952,5.76,5.8,3.55
0.7,Ideal,E,VS2,61.9,58.0,2952,5.7,5.73,3.54
0.7,Ideal,E,VS2,62.6,57.0,2952,5.63,5.68,3.54
0.7,Ideal,E,VS2,62.1,55.0,2952,5.71,5.75,3.56
0.74,Ideal,I,IF,62.1,53.9,2952,5.79,5.81,3.6
0.7,Good,E,VS1,61.0,61.0,2952,5.69,5.72,3.48
0.8,Very Good,H,VS2,59.1,59.0,2953,6.02,6.07,3.57
0.79,Premium,F,VS2,63.0,59.0,2953,5.84,5.8,3.66
0.75,Good,F,VS1,64.4,59.0,2953,5.67,5.72,3.66
0.71,Very Good,E,VS2,59.6,60.0,2954,5.8,5.85,3.47
0.72,Ideal,D,SI1,61.9,55.0,2954,5.75,5.78,3.57
0.72,Premium,E,VS2,61.1,59.0,2954,5.75,5.8,3.53
0.72,Premium,D,SI1,61.4,59.0,2954,5.71,5.79,3.53
0.75,Ideal,D,SI1,62.3,57.0,2954,5.8,5.83,3.62
0.82,Very Good,D,SI1,63.1,58.0,2954,5.97,5.95,3.76
0.76,Ideal,G,VS2,61.7,54.0,2954,5.88,5.92,3.64
0.89,Premium,I,VS1,62.2,62.0,2955,6.14,6.02,3.78
0.7,Very Good,F,VS2,62.4,57.0,2956,5.67,5.71,3.55
0.74,Very Good,H,VS1,61.4,56.0,2956,5.81,5.84,3.57
0.74,Very Good,H,VS1,62.3,56.0,2956,5.75,5.78,3.59
0.95,Good,I,SI2,63.8,57.0,2956,6.13,6.23,3.94
0.91,Very Good,J,SI1,62.8,59.0,2956,6.14,6.19,3.87
0.7,Ideal,F,VS2,60.8,57.0,2956,5.75,5.77,3.5
0.71,Good,F,VVS2,58.2,60.0,2956,5.89,5.94,3.44
0.7,Premium,D,VS1,60.4,58.0,2956,5.78,5.71,3.47
0.72,Ideal,F,VS2,62.6,56.0,2956,5.75,5.72,3.59
0.72,Ideal,F,VS2,62.2,56.0,2956,5.75,5.73,3.57
0.72,Ideal,H,VVS1,62.0,55.0,2958,5.74,5.77,3.57
0.79,Ideal,I,VS1,62.2,57.0,2958,5.89,5.94,3.68
0.72,Good,G,VS1,58.0,57.8,2958,5.85,5.87,3.4
0.98,Fair,F,SI2,61.6,66.0,2958,6.46,6.24,3.92
0.56,Very Good,D,VVS1,60.1,58.0,2959,5.36,5.42,3.24
0.7,Very Good,F,VS1,60.1,58.0,2959,5.73,5.79,3.46
0.79,Premium,G,VS2,62.3,58.0,2959,5.92,5.89,3.68
0.82,Ideal,I,SI1,61.8,55.0,2959,6.0,6.03,3.72
0.74,Fair,G,VVS2,65.2,58.0,2959,5.7,5.6,3.69
0.71,Very Good,H,VVS2,61.8,56.0,2960,5.7,5.73,3.53
0.7,Good,D,VS2,63.4,57.0,2960,5.6,5.67,3.57
0.7,Ideal,D,VS2,61.3,57.0,2960,5.72,5.76,3.52
0.76,Ideal,F,VS2,62.6,56.0,2960,5.82,5.78,3.63
0.72,Ideal,G,VS2,61.3,56.0,2960,5.77,5.81,3.55
0.64,Ideal,G,IF,61.7,58.0,2960,5.52,5.56,3.42
0.71,Good,F,VVS2,58.9,61.0,2960,5.8,5.9,3.44
0.74,Ideal,G,VS1,61.8,55.0,2960,5.85,5.8,3.6
0.74,Ideal,H,VVS2,61.2,57.0,2961,5.79,5.85,3.56
0.72,Premium,E,VS1,61.5,60.0,2961,5.79,5.75,3.55
0.73,Premium,F,VS1,61.9,56.0,2961,5.81,5.76,3.58
0.73,Premium,F,VS1,62.7,56.0,2961,5.75,5.73,3.6
0.63,Ideal,F,VVS2,62.3,56.0,2961,5.48,5.5,3.42
0.72,Ideal,H,VS1,61.1,57.0,2961,5.8,5.82,3.55
0.76,Ideal,E,SI1,60.6,57.0,2961,5.91,5.93,3.59
0.71,Premium,F,VS1,62.1,53.0,2961,5.77,5.7,3.56
0.75,Premium,H,VS1,61.9,61.0,2961,5.85,5.82,3.61
0.63,Ideal,D,VVS2,62.6,56.0,2962,5.47,5.49,3.43
0.72,Ideal,E,VS2,62.0,56.0,2962,5.73,5.76,3.56
0.71,Ideal,G,VS1,62.2,56.0,2962,5.69,5.72,3.55
0.82,Premium,F,SI1,62.4,56.0,2962,6.01,5.98,3.74
0.71,Ideal,E,VS1,62.1,53.0,2963,5.76,5.73,3.57
0.91,Very Good,E,SI2,58.6,63.0,2963,6.38,6.32,3.72
0.71,Very Good,E,VS2,62.9,57.0,2964,5.68,5.7,3.58
0.71,Very Good,D,SI1,59.4,59.0,2964,5.78,5.81,3.44
0.7,Good,E,VS1,63.6,58.0,2964,5.61,5.56,3.55
0.7,Fair,E,VS1,64.5,57.0,2964,5.59,5.55,3.59
0.75,Ideal,E,SI1,61.7,56.0,2964,5.84,5.86,3.61
0.9,Fair,F,SI2,65.7,59.0,2964,6.03,5.99,3.95
0.9,Good,F,SI2,64.2,62.0,2964,6.08,6.0,3.88
0.9,Fair,J,VS1,65.4,60.0,2964,6.02,5.93,3.91
0.9,Premium,J,VS1,62.1,62.0,2964,6.12,6.05,3.78
1.0,Fair,G,SI1,65.7,54.0,2964,6.24,6.16,4.07
1.5,Fair,H,I1,65.6,54.0,2964,7.26,7.09,4.7
1.05,Premium,E,I1,61.4,58.0,2964,6.53,6.46,3.99
0.9,Fair,J,VS1,64.6,58.0,2964,6.12,6.06,3.93
0.71,Ideal,I,VS1,61.8,56.0,2965,5.68,5.72,3.52
0.71,Ideal,I,VS1,61.6,56.0,2965,5.71,5.75,3.53
0.71,Ideal,I,VS1,61.3,57.0,2965,5.73,5.76,3.52
0.71,Ideal,I,VS1,61.5,56.0,2965,5.72,5.76,3.52
0.7,Ideal,G,SI1,61.7,55.0,2965,5.7,5.73,3.53
0.7,Ideal,G,SI1,60.9,56.0,2965,5.73,5.79,3.51
0.73,Very Good,G,VS2,62.1,59.0,2966,5.68,5.73,3.54
0.85,Very Good,E,SI2,63.1,58.0,2966,6.02,6.0,3.79
0.7,Ideal,I,VVS1,61.8,56.0,2966,5.69,5.73,3.53
0.75,Ideal,F,SI1,61.2,55.0,2966,5.87,5.92,3.61
0.82,Ideal,F,SI2,60.9,57.0,2966,6.06,6.02,3.68
0.7,Very Good,E,VS1,61.3,56.0,2967,5.68,5.71,3.49
0.7,Very Good,E,VS1,61.5,56.0,2967,5.69,5.75,3.52
0.86,Very Good,G,SI2,62.6,56.0,2967,6.01,6.07,3.78
0.79,Ideal,H,VS2,62.0,56.0,2967,5.91,5.93,3.67
0.31,Premium,E,SI2,60.8,61.0,558,4.43,4.39,2.68
0.31,Premium,E,SI2,61.2,61.0,558,4.37,4.36,2.67
0.31,Ideal,G,SI2,61.4,55.0,558,4.39,4.37,2.69
0.3,Very Good,H,VVS2,62.0,56.0,559,4.28,4.3,2.66
0.31,Very Good,G,VS2,61.4,55.0,559,4.38,4.41,2.69
0.31,Very Good,G,VS2,60.9,57.0,559,4.37,4.39,2.67
0.24,Ideal,G,VVS1,62.4,56.0,559,3.97,3.99,2.48
0.24,Ideal,G,VVS1,62.1,56.0,559,3.97,4.0,2.47
0.24,Ideal,G,VVS1,62.2,56.0,559,4.0,4.04,2.5
0.24,Ideal,G,VVS1,62.0,55.0,559,4.01,4.03,2.49
0.24,Ideal,G,VVS1,62.0,56.0,559,3.97,4.01,2.47
0.32,Ideal,E,SI1,61.9,55.0,559,4.4,4.43,2.73
0.32,Ideal,E,SI1,61.0,56.0,559,4.41,4.45,2.7
0.24,Ideal,G,IF,61.7,56.0,559,3.99,4.01,2.47
0.24,Ideal,G,IF,60.8,58.0,559,4.01,4.05,2.44
0.24,Ideal,G,IF,61.8,55.0,559,3.99,4.02,2.47
0.24,Ideal,G,IF,61.6,57.0,559,3.99,4.02,2.46
0.24,Ideal,G,IF,61.3,57.0,559,4.0,4.03,2.46
0.32,Ideal,G,VS1,61.8,55.0,559,4.42,4.45,2.74
0.25,Very Good,E,VVS2,62.0,56.0,560,4.05,4.08,2.52
0.25,Very Good,E,VVS1,61.5,56.0,560,4.06,4.08,2.5
0.25,Very Good,F,IF,61.5,56.0,560,4.04,4.06,2.48
0.27,Very Good,F,IF,60.4,58.0,560,4.18,4.2,2.53
0.32,Ideal,G,VS2,61.6,54.0,560,4.4,4.43,2.72
0.36,Ideal,F,SI1,61.6,56.0,560,4.57,4.62,2.83
0.41,Ideal,I,SI1,61.7,55.0,561,4.77,4.8,2.95
0.32,Premium,H,VS1,60.2,58.0,561,4.43,4.47,2.68
0.75,Very Good,E,SI1,60.2,60.0,2968,5.89,5.93,3.56
1.13,Fair,H,I1,64.8,59.0,2968,6.52,6.42,4.19
0.71,Premium,D,VS2,58.7,61.0,2968,5.88,5.85,3.44
1.06,Premium,I,SI2,61.5,57.0,2968,6.57,6.49,4.02
0.9,Ideal,G,SI2,62.4,57.0,2968,6.16,6.13,3.84
0.8,Ideal,G,VS2,61.2,57.0,2969,6.02,6.07,3.7
0.52,Premium,E,VVS2,60.1,58.0,2970,5.23,5.18,3.13
0.72,Very Good,G,VS1,60.6,56.0,2970,5.84,5.87,3.55
0.7,Good,F,VS1,63.8,58.0,2970,5.58,5.61,3.57
0.78,Premium,E,VS2,62.6,57.0,2970,5.91,5.85,3.68
0.78,Ideal,H,VS2,61.6,56.0,2970,5.94,5.91,3.64
1.04,Good,I,SI2,59.9,64.0,2970,6.51,6.45,3.88
0.91,Fair,F,SI1,64.9,57.0,2971,6.13,6.08,3.96
0.81,Very Good,E,SI1,63.8,58.0,2972,5.85,5.97,3.77
0.76,Ideal,G,VS1,59.4,57.0,2972,5.99,6.03,3.57
0.7,Ideal,G,VS1,61.7,56.0,2972,5.64,5.71,3.5
0.9,Very Good,H,SI2,63.1,60.0,2972,6.14,6.09,3.86
0.81,Premium,H,VS1,62.6,58.0,2972,5.96,5.9,3.71
0.9,Very Good,J,SI2,63.3,59.0,2973,6.08,6.12,3.86
0.75,Ideal,G,VS1,62.3,57.0,2973,5.83,5.86,3.64
0.77,Ideal,D,SI2,60.6,56.0,2973,5.9,5.95,3.59
0.7,Ideal,E,VS1,60.5,56.0,2973,5.74,5.79,3.49
0.81,Very Good,E,SI1,59.5,60.0,2973,6.05,6.09,3.61
0.7,Good,E,VS1,59.8,62.0,2973,5.74,5.8,3.45
0.82,Ideal,F,SI1,62.6,57.0,2974,5.96,6.02,3.75
0.57,Ideal,F,IF,61.8,54.0,2974,5.33,5.35,3.3
0.9,Good,H,SI1,64.2,60.0,2974,6.05,6.02,3.87
1.0,Fair,D,SI2,69.3,58.0,2974,5.96,5.87,4.1
0.71,Ideal,G,VS2,59.5,57.0,2974,5.81,5.8,3.46
0.7,Very Good,F,VS1,62.1,57.0,2975,5.69,5.72,3.54
0.7,Premium,F,VVS2,62.2,58.0,2975,5.72,5.66,3.54
0.82,Very Good,E,SI2,63.3,56.0,2975,5.99,5.95,3.78
0.8,Ideal,F,SI1,62.8,54.0,2975,5.9,5.97,3.74
0.83,Premium,G,SI1,61.6,59.0,2975,6.02,5.99,3.7
0.83,Ideal,H,VS2,61.3,54.0,2975,6.1,6.06,3.73
0.77,Premium,E,SI1,60.4,58.0,2975,6.0,5.88,3.59
0.79,Ideal,F,SI1,62.5,57.0,2976,5.88,5.92,3.69
0.72,Ideal,E,SI1,61.0,56.0,2976,5.82,5.85,3.56
0.91,Ideal,I,SI2,63.0,54.0,2976,6.17,6.12,3.86
0.71,Very Good,G,VVS2,60.8,58.0,2977,5.75,5.77,3.5
0.81,Ideal,F,SI1,61.9,57.0,2977,5.98,6.01,3.71
0.76,Premium,D,VS2,60.9,58.0,2977,5.9,5.85,3.58
0.54,Ideal,F,VVS1,61.6,55.0,2977,5.28,5.27,3.25
0.71,Ideal,G,VVS2,62.5,58.0,2978,5.7,5.73,3.57
0.7,Ideal,E,VS1,61.3,54.0,2978,5.77,5.83,3.54
0.8,Ideal,E,SI2,61.0,55.0,2978,6.0,6.03,3.67
0.76,Ideal,E,SI2,62.1,56.0,2978,5.85,5.88,3.64
0.72,Ideal,H,VVS1,59.9,59.0,2979,5.76,5.82,3.47
0.7,Ideal,E,VS2,61.7,56.0,2979,5.74,5.71,3.53
0.86,Premium,F,SI2,61.8,58.0,2980,6.12,6.15,3.79
0.7,Ideal,E,VS2,61.5,57.0,2980,5.67,5.78,3.52
0.7,Good,D,SI1,61.3,61.0,2980,5.63,5.69,3.47
0.64,Good,F,IF,58.6,61.0,2980,5.69,5.71,3.34
0.7,Ideal,E,VS2,62.2,55.0,2981,5.67,5.71,3.54
0.91,Premium,I,SI2,60.2,59.0,2981,6.29,6.24,3.77
0.91,Ideal,I,SI2,61.6,57.0,2981,6.24,6.23,3.84
0.71,Ideal,G,VVS1,61.7,57.0,2982,5.7,5.75,3.53
0.9,Fair,E,SI2,65.8,59.0,2982,6.03,5.98,3.95
0.71,Ideal,E,VS2,59.5,57.0,2982,5.86,5.83,3.48
0.71,Very Good,G,VS1,60.8,63.0,2982,5.76,5.68,3.48
0.71,Premium,E,VS2,62.6,58.0,2982,5.72,5.68,3.57
0.74,Ideal,E,VS2,62.7,54.0,2984,5.8,5.77,3.63
0.9,Very Good,J,VS2,63.1,57.0,2984,6.12,6.06,3.84
1.0,Premium,G,I1,62.5,62.0,2984,6.42,6.35,3.99
0.7,Very Good,D,VS2,63.1,56.0,2985,5.62,5.69,3.57
0.75,Ideal,E,SI1,62.2,57.0,2985,5.82,5.86,3.63
0.82,Premium,H,VS1,62.3,60.0,2985,5.97,5.94,3.71
0.8,Ideal,I,VS1,61.9,54.1,2986,5.92,5.98,3.69
0.82,Ideal,I,VS1,61.6,57.0,2986,6.0,6.05,3.71
0.84,Ideal,G,SI2,62.0,56.0,2986,6.02,6.05,3.74
0.7,Ideal,G,VS1,61.3,59.0,2987,5.68,5.7,3.49
0.74,Ideal,D,SI1,61.5,56.0,2987,5.8,5.84,3.58
0.77,Premium,E,SI1,61.7,58.0,2988,5.86,5.9,3.63
1.03,Very Good,G,I1,63.2,58.0,2988,6.44,6.34,4.04
0.76,Ideal,I,IF,61.6,55.0,2988,5.92,5.89,3.64
0.72,Ideal,F,VS2,62.1,54.0,2989,5.76,5.8,3.59
0.83,Premium,D,SI1,61.3,58.0,2990,6.03,6.0,3.69
0.76,Very Good,G,VS2,62.1,54.0,2990,5.88,5.94,3.67
0.72,Very Good,E,VS2,62.9,57.0,2990,5.68,5.73,3.59
0.57,Good,E,VVS1,59.1,65.0,2990,5.34,5.43,3.18
0.75,Ideal,G,VS2,60.6,55.0,2991,5.91,5.93,3.59
0.7,Ideal,D,VS2,60.3,60.0,2991,5.71,5.76,3.46
0.7,Very Good,E,VS2,62.8,56.0,2992,5.66,5.68,3.56
0.75,Ideal,H,VVS2,62.0,55.1,2992,5.83,5.85,3.62
1.06,Fair,J,SI2,61.0,66.0,2992,6.54,6.35,3.93
0.69,Very Good,F,VVS2,61.5,60.0,2993,5.64,5.67,3.48
0.87,Very Good,H,SI2,61.0,56.0,2993,6.15,6.19,3.77
0.75,Very Good,E,SI1,63.6,56.0,2993,5.73,5.75,3.65
0.7,Ideal,G,VVS2,63.0,55.0,2993,5.65,5.69,3.57
0.7,Ideal,F,VS1,62.4,55.0,2993,5.65,5.7,3.54
0.75,Ideal,E,SI1,61.1,57.0,2993,5.83,5.86,3.57
1.01,Fair,G,SI1,65.1,57.0,2993,6.27,6.22,4.07
0.71,Very Good,F,VS2,59.6,56.0,2994,5.84,5.88,3.49
0.71,Very Good,G,VS1,59.3,55.0,2994,5.88,5.95,3.51
0.81,Very Good,G,VS2,63.1,58.0,2994,5.88,5.84,3.7
0.81,Premium,G,VS2,62.0,58.0,2994,5.95,5.92,3.68
0.81,Premium,D,SI2,61.7,58.0,2994,5.97,5.93,3.67
0.73,Ideal,D,SI1,61.4,56.0,2995,5.78,5.82,3.56
0.7,Ideal,G,VS1,60.9,56.0,2995,5.76,5.8,3.52
0.88,Very Good,I,VS1,63.3,55.0,2996,6.11,6.06,3.85
0.77,Ideal,D,SI1,61.4,56.0,2996,5.9,5.93,3.63
0.74,Ideal,I,VS2,61.9,55.0,2997,5.8,5.83,3.6
0.72,Ideal,H,SI1,61.1,56.0,2997,5.78,5.8,3.54
0.7,Ideal,D,VS2,62.8,57.0,2998,5.69,5.75,3.59
0.72,Ideal,H,VS1,61.4,56.0,2998,5.79,5.81,3.56
0.7,Ideal,F,VS1,61.6,57.0,2998,5.7,5.73,3.52
1.01,Fair,J,VVS2,66.0,56.0,2998,6.29,6.22,4.13
0.85,Fair,G,VS1,57.7,67.0,2998,6.26,6.19,3.59
0.7,Very Good,D,VS2,59.7,59.0,2999,5.82,5.78,3.46
0.73,Very Good,G,VS1,62.4,58.1,2999,5.71,5.75,3.58
1.02,Fair,H,I1,61.5,60.0,2999,6.4,6.34,3.92
0.87,Premium,F,SI2,61.6,58.0,2999,6.14,6.1,3.77
0.71,Ideal,F,SI1,61.9,56.0,2999,5.69,5.74,3.54
0.7,Premium,G,VVS2,60.6,60.0,2999,5.77,5.69,3.47
0.74,Premium,E,VS1,62.7,58.0,2999,5.83,5.74,3.63
0.74,Premium,E,VS1,60.9,62.0,2999,5.83,5.8,3.54
0.7,Premium,G,VVS2,60.2,61.0,2999,5.74,5.66,3.43
0.77,Ideal,E,SI1,62.5,56.0,3000,5.87,5.91,3.68
0.93,Good,J,VS2,63.6,61.0,3000,6.16,6.08,3.89
0.9,Very Good,I,SI2,62.5,58.0,3001,6.1,6.15,3.83
0.9,Ideal,I,SI2,62.0,56.0,3001,6.16,6.2,3.83
0.72,Very Good,D,SI1,61.5,58.0,3001,5.74,5.78,3.54
0.7,Premium,D,VS1,61.6,61.0,3001,5.66,5.61,3.47
0.7,Good,D,VS1,63.6,60.0,3001,5.61,5.52,3.54
0.7,Very Good,D,VS1,63.4,59.0,3001,5.58,5.55,3.53
0.6,Ideal,G,VVS1,62.1,56.0,3001,5.42,5.43,3.37
0.83,Very Good,E,SI1,62.1,58.0,3002,6.01,6.04,3.74
0.77,Very Good,E,SI2,60.4,58.0,3002,5.91,5.95,3.58
0.89,Good,H,SI2,63.3,59.0,3002,6.04,6.09,3.84
0.72,Good,F,VS1,63.8,58.0,3002,5.68,5.63,3.61
0.72,Ideal,G,VVS2,61.6,55.0,3002,5.78,5.77,3.56
0.8,Premium,G,VS2,60.6,59.0,3002,6.02,5.97,3.63
0.73,Fair,F,VS1,58.6,66.0,3002,5.92,5.88,3.46
0.76,Ideal,E,SI1,61.5,56.0,3003,5.89,5.91,3.63
1.01,Fair,D,SI2,64.6,56.0,3003,6.31,6.24,4.05
0.81,Premium,F,SI1,61.9,58.0,3004,5.99,5.96,3.7
0.81,Ideal,F,SI1,61.8,55.0,3004,6.04,6.0,3.72
0.7,Ideal,H,VS1,61.7,55.0,3004,5.69,5.72,3.52
0.61,Ideal,E,VS1,61.3,54.0,3004,5.53,5.5,3.38
0.78,Ideal,G,SI1,60.6,57.0,3004,5.95,5.97,3.61
0.72,Ideal,F,SI1,62.3,56.0,3004,5.77,5.79,3.6
0.92,Premium,D,SI2,60.2,61.0,3004,6.32,6.27,3.79
0.75,Very Good,E,SI1,61.1,59.0,3005,5.85,5.9,3.59
0.55,Ideal,F,VVS1,61.2,54.0,3005,5.3,5.35,3.26
0.8,Very Good,H,SI1,63.0,57.0,3005,5.89,5.95,3.73
0.72,Ideal,I,VS1,60.4,56.0,3005,5.8,5.86,3.52
0.73,Ideal,H,VVS1,61.6,57.0,3005,5.81,5.78,3.57
0.71,Premium,E,VS1,61.1,58.0,3006,5.8,5.76,3.53
0.55,Premium,D,VVS1,60.3,59.0,3006,5.34,5.3,3.21
0.71,Ideal,I,VVS2,60.7,57.0,3007,5.76,5.8,3.51
0.71,Ideal,I,VVS2,60.4,57.0,3007,5.78,5.81,3.5
0.7,Premium,E,VVS2,62.7,53.0,3007,5.65,5.61,3.53
0.71,Ideal,G,SI1,61.3,55.0,3007,5.73,5.79,3.53
0.71,Ideal,G,SI1,61.6,55.0,3007,5.72,5.78,3.54
0.71,Ideal,G,SI1,61.9,56.0,3007,5.73,5.76,3.55
0.71,Ideal,G,SI1,61.6,57.0,3007,5.73,5.76,3.54
0.76,Ideal,D,SI1,61.2,57.0,3007,5.88,5.91,3.61
0.91,Very Good,F,SI1,63.1,60.0,3007,6.13,6.1,3.86
0.7,Very Good,D,VS1,60.4,58.0,3008,5.71,5.78,3.47
0.61,Ideal,G,VVS1,61.2,56.0,3008,5.46,5.48,3.35
0.7,Ideal,F,VS2,61.3,57.0,3008,5.7,5.76,3.51
0.82,Premium,H,VS1,62.5,59.0,3008,5.96,5.94,3.72
0.71,Very Good,E,VS1,63.7,58.0,3009,5.63,5.68,3.6
0.71,Very Good,E,VS1,62.1,57.0,3009,5.67,5.69,3.53
0.71,Very Good,E,VS1,63.4,58.0,3009,5.64,5.68,3.59
0.74,Very Good,E,SI1,61.3,58.0,3009,5.8,5.84,3.57
0.83,Ideal,F,SI1,62.1,57.0,3010,6.0,6.02,3.73
0.83,Very Good,F,SI1,62.1,58.0,3010,5.98,6.06,3.74
0.8,Ideal,I,VS1,60.7,59.0,3010,5.98,6.02,3.64
0.8,Ideal,D,SI1,62.2,57.0,3011,5.89,5.85,3.65
0.73,Very Good,G,VS1,60.7,55.0,3011,5.87,5.89,3.57
1.0,Very Good,G,I1,62.5,62.0,3011,6.42,6.35,3.99
1.2,Fair,J,I1,64.9,59.0,3011,6.61,6.54,4.27
1.2,Fair,I,I1,62.2,66.0,3011,6.77,6.7,4.2
1.2,Fair,I,I1,66.2,55.0,3011,6.61,6.51,4.34
0.61,Ideal,E,VVS2,62.0,54.0,3011,5.43,5.47,3.38
0.7,Ideal,F,VS2,61.9,55.0,3011,5.7,5.74,3.54
0.7,Ideal,F,VS2,61.8,57.0,3011,5.67,5.75,3.53
0.7,Ideal,F,VS2,62.7,55.0,3011,5.66,5.69,3.56
0.7,Ideal,F,VS2,61.4,58.0,3011,5.7,5.73,3.51
0.77,Ideal,D,SI2,62.3,55.0,3011,5.9,5.85,3.66
0.75,Ideal,H,SI1,61.9,55.0,3011,5.82,5.85,3.61
0.75,Ideal,H,SI1,61.9,56.0,3011,5.81,5.85,3.61
1.0,Fair,E,SI2,55.4,62.0,3011,6.63,6.59,3.66
0.78,Very Good,G,VS2,61.3,60.0,3012,5.89,5.96,3.63
0.82,Ideal,E,SI2,62.2,57.0,3012,6.0,5.97,3.72
0.72,Ideal,G,VS2,61.7,56.0,3012,5.74,5.78,3.55
0.72,Ideal,E,SI1,61.0,57.0,3012,5.77,5.8,3.53
0.72,Ideal,E,SI1,60.3,55.0,3012,5.85,5.89,3.54
0.8,Very Good,F,SI1,63.9,56.0,3013,5.84,5.87,3.74
0.75,Premium,F,VS2,61.6,58.0,3013,5.84,5.89,3.61
0.71,Very Good,F,VS1,62.1,53.0,3013,5.7,5.77,3.56
0.71,Ideal,F,VS1,61.1,57.0,3013,5.76,5.82,3.54
0.81,Ideal,E,SI2,61.8,56.0,3013,6.0,5.97,3.7
0.81,Ideal,E,SI2,60.1,57.0,3013,6.07,6.1,3.66
0.9,Premium,D,SI1,62.2,60.0,3013,6.08,6.05,3.77
0.78,Ideal,E,SI1,62.7,55.0,3014,5.9,5.87,3.69
0.71,Ideal,H,VVS1,61.8,56.0,3014,5.7,5.75,3.54
0.73,Very Good,D,SI1,60.8,59.0,3014,5.8,5.85,3.54
1.01,Premium,G,I1,61.1,61.0,3014,6.49,6.35,3.92
0.9,Good,G,SI2,63.7,62.0,3014,6.07,6.01,3.85
0.91,Very Good,E,SI2,58.6,63.0,3015,6.32,6.38,3.72
0.78,Ideal,H,VVS2,61.7,55.0,3015,5.9,5.94,3.65
0.81,Ideal,E,SI2,61.0,56.0,3015,5.99,6.05,3.67
0.72,Very Good,D,VS2,62.1,59.0,3016,5.7,5.73,3.55
0.7,Premium,E,VS1,61.8,58.0,3016,5.71,5.75,3.54
0.7,Ideal,E,VS1,62.7,57.0,3016,5.65,5.7,3.56
0.9,Good,F,SI2,64.2,62.0,3016,6.0,6.08,3.88
0.76,Ideal,H,VS2,61.9,55.0,3016,5.85,5.88,3.64
0.96,Premium,E,SI2,62.8,60.0,3016,6.3,6.24,3.94
0.9,Ideal,H,SI2,62.8,55.0,3016,6.18,6.11,3.86
0.7,Very Good,G,VS1,60.1,60.0,3017,5.73,5.76,3.45
0.71,Very Good,F,VS1,61.8,60.0,3017,5.66,5.7,3.51
1.12,Premium,G,I1,60.3,60.0,3017,6.75,6.69,4.05
0.7,Ideal,G,VS1,61.1,56.0,3017,5.72,5.74,3.5
0.5,Good,D,VVS2,62.4,64.0,3017,5.03,5.06,3.14
1.12,Very Good,G,I1,61.2,63.0,3017,6.68,6.59,4.05
0.7,Good,F,VVS1,63.2,58.0,3018,5.58,5.62,3.54
1.03,Very Good,G,I1,60.8,57.0,3018,6.51,6.55,3.97
0.7,Premium,F,VVS2,62.5,59.0,3018,5.68,5.61,3.53
0.71,Ideal,F,VVS2,62.6,56.0,3018,5.7,5.65,3.55
0.72,Ideal,H,VS2,61.2,57.0,3018,5.79,5.77,3.54
1.02,Very Good,F,SI2,63.3,56.0,3018,6.38,6.31,4.02
0.77,Premium,F,VS2,62.4,59.0,3018,5.85,5.81,3.64
0.7,Premium,F,VVS2,62.2,56.0,3018,5.72,5.63,3.53
0.93,Premium,G,SI2,61.4,56.0,3019,6.27,6.23,3.84
0.78,Premium,D,SI1,60.4,57.0,3019,6.02,5.97,3.62
0.71,Ideal,D,VS2,60.4,53.0,3020,5.81,5.85,3.52
0.73,Very Good,F,SI1,61.3,56.0,3023,5.78,5.84,3.56
0.65,Ideal,E,VVS2,62.1,57.0,3023,5.55,5.6,3.46
0.85,Ideal,G,SI1,61.6,55.0,3023,6.09,6.11,3.76
0.9,Good,H,SI2,63.1,60.0,3024,6.09,6.14,3.86
0.9,Good,H,SI2,63.1,55.0,3024,6.08,6.13,3.85
0.75,Premium,E,VS2,62.1,57.0,3024,5.9,5.79,3.63
0.9,Good,J,VS2,63.9,58.0,3024,6.15,6.08,3.91
0.72,Premium,E,VS2,60.4,61.0,3024,5.79,5.76,3.49
0.9,Fair,H,SI1,65.6,57.0,3024,6.04,6.01,3.95
0.72,Premium,E,VS2,62.5,59.0,3024,5.73,5.7,3.57
0.75,Good,D,SI1,63.6,58.0,3024,5.77,5.65,3.63
0.75,Premium,E,SI1,61.7,60.0,3024,5.84,5.8,3.59
0.72,Very Good,G,VS1,60.1,63.0,3024,5.86,5.82,3.51
0.75,Premium,D,SI1,59.2,58.0,3024,5.96,5.93,3.52
0.65,Very Good,D,VVS2,57.7,60.0,3025,5.69,5.74,3.3
0.7,Very Good,G,VS2,61.8,55.0,3026,5.69,5.74,3.53
0.71,Ideal,E,VS2,62.3,56.0,3026,5.7,5.73,3.56
0.83,Ideal,H,VS2,61.3,54.0,3027,6.06,6.1,3.73
1.02,Fair,J,SI1,66.8,55.0,3027,6.25,6.18,4.15
1.0,Fair,G,SI2,64.9,57.0,3027,6.29,6.2,4.05
1.02,Premium,G,SI2,61.7,58.0,3027,6.46,6.41,3.97
0.77,Good,H,VVS2,57.9,61.0,3027,6.07,6.01,3.5
0.7,Very Good,F,VVS2,58.5,60.0,3028,5.82,5.94,3.44
0.8,Ideal,H,VS2,62.1,54.0,3030,5.96,5.99,3.71
0.74,Ideal,H,VS1,61.6,55.0,3030,5.79,5.83,3.58
0.77,Fair,F,VS1,66.8,57.0,3031,5.66,5.76,3.82
0.72,Premium,G,VS1,58.9,58.0,3032,5.93,5.85,3.47
1.01,Good,E,I1,63.8,57.0,3032,6.4,6.33,4.06
1.01,Very Good,H,SI2,63.5,55.0,3032,6.32,6.27,4.0
0.55,Ideal,F,VVS1,61.2,54.0,3032,5.35,5.3,3.26
0.71,Very Good,D,VS2,63.0,57.0,3033,5.67,5.7,3.58
0.73,Ideal,G,VS1,61.6,57.0,3033,5.76,5.79,3.56
0.76,Ideal,E,SI1,62.5,57.0,3033,5.8,5.82,3.63
0.52,Ideal,E,IF,61.1,57.0,3033,5.17,5.21,3.17
0.7,Good,D,VS2,64.1,59.0,3033,5.56,5.49,3.54
0.7,Very Good,D,VS2,63.2,60.0,3033,5.61,5.56,3.53
0.7,Good,D,VS2,63.9,58.0,3033,5.62,5.58,3.58
0.92,Fair,I,VS2,64.4,58.0,3033,6.13,6.1,3.94
0.91,Premium,H,SI1,63.0,57.0,3033,6.19,6.1,3.87
0.91,Ideal,I,SI2,61.6,57.0,3034,6.23,6.24,3.84
0.7,Ideal,G,VS1,61.4,57.0,3034,5.7,5.73,3.51
0.72,Very Good,E,VS2,63.8,57.0,3035,5.66,5.69,3.62
0.71,Ideal,E,VS2,59.5,57.0,3035,5.83,5.86,3.48
0.72,Ideal,G,VS1,62.4,59.0,3035,5.71,5.74,3.57
0.78,Ideal,D,SI1,62.4,57.0,3035,5.87,5.89,3.67
0.71,Ideal,D,SI1,60.6,57.0,3035,5.82,5.72,3.5
0.8,Very Good,H,VVS2,62.9,56.0,3036,5.9,5.96,3.73
0.74,Ideal,E,VS2,62.6,56.0,3036,5.73,5.81,3.61
0.74,Premium,D,SI1,62.4,59.0,3036,5.73,5.8,3.6
0.61,Ideal,D,VVS2,62.4,58.0,3036,5.38,5.42,3.37
0.78,Ideal,F,SI1,61.0,55.0,3036,6.0,5.96,3.65
0.7,Very Good,G,VVS1,63.3,57.0,3037,5.59,5.63,3.55
0.32,Good,E,SI1,63.3,56.0,561,4.34,4.35,2.75
0.32,Premium,G,VS2,60.5,58.0,561,4.41,4.42,2.67
0.4,Good,H,SI2,63.7,59.0,561,4.64,4.69,2.97
0.32,Premium,G,VS2,62.5,60.0,561,4.32,4.38,2.72
0.32,Ideal,G,VS2,61.4,56.0,561,4.37,4.39,2.69
0.32,Premium,G,VS2,59.8,59.0,561,4.48,4.52,2.69
0.32,Premium,I,VVS2,60.7,59.0,561,4.4,4.43,2.68
0.32,Very Good,G,VS2,60.2,57.0,561,4.42,4.45,2.67
0.32,Good,G,VS2,63.3,54.0,561,4.36,4.39,2.77
0.32,Good,H,VS1,63.1,57.0,561,4.34,4.37,2.75
0.32,Ideal,G,VS2,61.4,55.0,561,4.4,4.46,2.72
0.32,Ideal,G,VS2,59.8,57.0,561,4.43,4.46,2.66
0.32,Ideal,G,VS2,61.7,57.0,561,4.38,4.4,2.71
0.32,Premium,H,VS1,62.3,58.0,561,4.34,4.39,2.72
0.32,Very Good,H,VS1,63.0,57.0,561,4.32,4.35,2.73
0.32,Premium,G,VS2,61.9,58.0,561,4.36,4.43,2.72
0.32,Good,G,VS2,63.1,57.0,561,4.3,4.35,2.73
0.32,Very Good,H,VS1,63.0,57.0,561,4.37,4.39,2.76
0.32,Ideal,G,VS2,61.8,57.0,561,4.37,4.4,2.71
0.32,Very Good,H,VS1,61.7,58.0,561,4.37,4.41,2.71
0.32,Very Good,E,SI1,60.1,60.0,561,4.42,4.47,2.67
0.32,Ideal,G,VS2,61.8,55.0,561,4.41,4.42,2.73
0.32,Premium,G,VS2,61.7,60.0,561,4.32,4.4,2.69
0.32,Good,E,SI1,63.4,55.0,561,4.35,4.36,2.76
0.32,Premium,G,VS2,62.3,58.0,561,4.36,4.41,2.73
0.32,Ideal,G,VS2,61.6,57.0,561,4.39,4.41,2.71
0.32,Ideal,H,VS1,61.9,55.0,561,4.4,4.42,2.73
0.32,Ideal,H,VS1,60.2,56.0,561,4.44,4.49,2.69
0.76,Ideal,H,VS2,61.4,57.0,3038,5.85,5.88,3.6
0.7,Ideal,H,VS2,61.5,56.0,3038,5.71,5.73,3.52
0.73,Ideal,E,SI1,62.2,56.0,3038,5.76,5.79,3.59
0.7,Very Good,G,VVS2,61.0,59.0,3039,5.67,5.7,3.47
0.7,Fair,F,VS1,64.9,59.0,3039,5.56,5.59,3.62
0.92,Premium,I,SI2,61.5,59.0,3040,6.27,6.21,3.84
0.73,Ideal,G,VS1,61.8,57.0,3041,5.78,5.81,3.58
0.71,Ideal,F,VS1,62.7,57.0,3041,5.66,5.7,3.56
0.71,Ideal,F,VS1,61.7,55.0,3041,5.73,5.77,3.55
0.81,Good,I,VS1,59.4,56.0,3042,5.97,6.11,3.59
0.71,Ideal,G,VVS2,62.5,57.0,3042,5.73,5.7,3.57
0.72,Very Good,G,VVS2,60.4,58.0,3043,5.77,5.82,3.5
0.81,Premium,F,SI1,61.9,59.0,3043,5.97,5.95,3.69
0.81,Ideal,I,SI1,61.3,56.0,3043,6.27,6.23,3.83
0.77,Very Good,F,SI1,59.6,60.0,3044,5.95,5.97,3.55
0.83,Ideal,G,SI1,62.1,57.0,3044,6.03,5.95,3.72
0.71,Very Good,F,VS1,61.2,57.0,3045,5.73,5.77,3.52
0.78,Very Good,F,SI1,62.4,58.0,3045,5.83,5.86,3.65
0.71,Very Good,D,VS2,62.8,56.0,3045,5.67,5.7,3.57
0.72,Premium,D,VS2,60.2,60.0,3045,5.76,5.81,3.48
1.14,Ideal,J,SI1,60.2,57.0,3045,6.81,6.71,4.07
0.75,Ideal,E,SI1,60.8,56.0,3045,5.91,5.89,3.59
0.75,Very Good,D,SI1,59.7,62.0,3046,5.89,5.94,3.53
0.7,Good,G,VVS2,61.1,61.0,3046,5.67,5.69,3.47
0.79,Very Good,F,SI1,61.5,58.0,3047,5.94,5.97,3.66
0.73,Fair,D,VS1,66.0,54.0,3047,5.56,5.66,3.7
0.91,Premium,G,SI2,62.8,59.0,3047,6.14,6.12,3.85
0.93,Ideal,I,SI2,62.3,57.0,3047,6.22,6.2,3.87
0.82,Very Good,F,SI1,63.9,56.9,3048,5.85,5.92,3.76
0.75,Very Good,D,SI1,61.8,57.0,3048,5.78,5.81,3.58
0.72,Premium,H,IF,58.7,59.0,3048,5.94,5.88,3.47
0.72,Ideal,G,SI1,61.8,56.0,3048,5.7,5.76,3.55
0.72,Good,E,VS1,57.9,60.0,3048,5.97,5.91,3.44
0.72,Very Good,E,VS1,63.1,56.0,3048,5.7,5.65,3.58
0.9,Ideal,J,VS1,62.6,55.0,3048,6.13,6.11,3.83
0.72,Premium,D,SI1,60.5,57.0,3048,5.89,5.85,3.55
0.72,Premium,D,SI1,62.6,54.0,3048,5.78,5.72,3.6
0.75,Ideal,E,SI1,61.4,55.0,3049,5.8,5.86,3.58
0.66,Ideal,D,VVS2,61.6,57.0,3049,5.64,5.57,3.45
0.83,Ideal,E,SI2,61.9,53.0,3049,6.08,6.04,3.75
0.62,Very Good,D,VVS2,58.1,63.0,3050,5.59,5.66,3.27
0.8,Very Good,E,SI1,63.1,56.0,3050,5.93,5.83,3.71
0.76,Ideal,H,SI1,61.3,55.0,3050,5.87,5.93,3.62
0.76,Ideal,H,SI1,61.4,55.0,3050,5.82,5.9,3.6
0.82,Good,E,SI2,61.8,56.0,3050,5.95,5.99,3.69
0.81,Ideal,E,SI2,62.1,57.0,3050,5.97,5.91,3.69
1.02,Good,E,I1,63.1,60.0,3051,6.31,6.4,4.01
0.66,Very Good,G,IF,60.5,59.0,3051,5.69,5.74,3.46
0.7,Very Good,D,VS2,62.5,55.0,3052,5.65,5.71,3.55
0.7,Very Good,G,VVS2,60.2,61.0,3052,5.66,5.74,3.43
1.03,Fair,G,SI1,66.1,56.0,3052,6.26,6.2,4.12
0.71,Very Good,E,VS2,59.9,59.0,3053,5.79,5.83,3.48
0.7,Very Good,F,VS1,62.8,59.0,3053,5.65,5.69,3.56
0.81,Ideal,F,SI2,62.3,54.0,3053,5.94,5.98,3.72
0.78,Ideal,E,SI2,61.0,56.0,3053,5.92,5.98,3.63
0.75,Ideal,E,SI1,61.3,57.0,3053,5.84,5.91,3.6
0.79,Premium,G,VS1,62.3,56.0,3053,5.94,5.87,3.68
0.79,Ideal,E,SI1,62.1,54.0,3053,5.96,5.92,3.69
0.7,Very Good,D,VS1,62.9,60.0,3054,5.62,5.67,3.55
1.01,Premium,I,SI2,61.9,58.0,3054,6.45,6.41,3.98
1.01,Fair,I,SI2,68.1,59.0,3054,6.14,6.11,4.17
0.78,Very Good,E,SI1,60.9,57.0,3055,5.93,5.97,3.62
0.61,Ideal,E,VVS2,60.8,56.0,3056,5.5,5.47,3.34
0.9,Very Good,I,SI2,61.5,61.0,3057,6.13,6.16,3.78
0.92,Very Good,D,SI2,60.2,61.0,3057,6.27,6.32,3.79
0.57,Ideal,F,VVS1,61.1,55.0,3057,5.36,5.44,3.3
0.76,Good,F,VS1,59.9,61.0,3057,5.89,5.98,3.56
0.9,Good,I,SI2,60.7,58.0,3057,6.17,6.21,3.76
0.82,Fair,H,SI1,64.9,58.0,3057,5.82,5.77,3.76
0.91,Good,F,SI2,63.9,56.0,3058,6.11,6.06,3.89
0.79,Premium,D,SI1,61.4,59.0,3058,5.96,5.89,3.64
0.91,Premium,J,VS2,61.6,58.0,3058,6.28,6.23,3.85
0.72,Very Good,F,VS1,62.1,59.0,3059,5.69,5.74,3.55
0.81,Very Good,E,SI2,62.9,56.0,3059,5.87,5.9,3.7
0.71,Very Good,E,VS1,61.8,56.0,3059,5.74,5.78,3.56
1.03,Very Good,G,I1,62.4,57.0,3060,6.41,6.45,4.01
0.9,Good,G,SI2,63.6,57.0,3060,6.1,6.04,3.86
0.74,Very Good,H,VVS1,62.4,57.0,3061,5.76,5.81,3.61
0.7,Very Good,E,VS1,61.1,55.0,3061,5.72,5.77,3.51
0.71,Very Good,E,VS1,63.3,56.0,3061,5.64,5.68,3.58
0.9,Very Good,J,SI1,63.8,56.0,3061,6.11,6.14,3.91
0.71,Ideal,G,SI1,61.5,55.0,3061,5.75,5.79,3.55
0.91,Good,I,SI2,57.9,60.0,3061,6.46,6.39,3.72
0.71,Fair,G,VVS1,62.8,57.0,3062,5.67,5.57,3.53
0.7,Premium,F,VVS2,58.7,60.0,3062,5.8,5.75,3.39
0.72,Ideal,D,SI1,61.5,56.5,3062,5.76,5.79,3.55
0.9,Fair,F,SI2,65.7,63.0,3062,6.01,5.96,3.93
0.71,Premium,E,VS2,62.2,59.0,3062,5.71,5.61,3.52
0.71,Premium,E,VS2,62.0,61.0,3062,5.71,5.65,3.52
0.93,Premium,J,VS1,60.3,58.0,3062,6.37,6.31,3.82
0.7,Very Good,E,VS1,62.2,57.0,3063,5.63,5.68,3.52
0.7,Very Good,E,VS1,62.5,56.0,3063,5.64,5.68,3.54
0.7,Good,E,VS1,59.4,61.0,3063,5.79,5.83,3.45
0.71,Very Good,E,VS1,63.3,59.0,3064,5.64,5.68,3.58
0.76,Premium,E,VS2,61.7,62.0,3064,5.85,5.82,3.6
0.7,Ideal,F,VS2,61.4,56.0,3064,5.72,5.75,3.52
0.7,Ideal,F,VS2,61.6,55.0,3064,5.72,5.75,3.53
0.8,Ideal,F,SI2,61.4,56.0,3064,5.99,5.93,3.66
0.72,Very Good,E,VS2,63.0,58.0,3065,5.69,5.73,3.6
0.7,Ideal,G,VS1,61.5,56.0,3065,5.7,5.75,3.52
0.65,Ideal,H,IF,61.5,55.0,3065,5.6,5.62,3.45
0.85,Very Good,D,SI2,61.4,60.0,3066,6.05,6.13,3.74
0.77,Ideal,I,VS1,61.4,56.0,3066,5.9,5.93,3.63
0.71,Ideal,F,VS1,62.0,57.0,3066,5.7,5.75,3.55
0.71,Ideal,F,VS1,62.1,57.0,3066,5.73,5.76,3.57
0.8,Ideal,F,SI2,62.5,56.0,3066,5.94,5.99,3.73
0.8,Ideal,F,SI2,61.8,59.0,3066,5.94,5.96,3.68
0.73,Very Good,E,VS2,63.1,55.0,3066,5.77,5.71,3.62
0.9,Good,G,SI2,63.7,62.0,3067,6.01,6.07,3.85
0.78,Ideal,E,SI1,62.7,55.0,3067,5.87,5.9,3.69
0.7,Very Good,E,VS1,63.4,60.0,3068,5.63,5.66,3.58
0.7,Ideal,E,VS2,62.6,56.0,3068,5.65,5.69,3.55
0.85,Very Good,I,VS2,60.0,57.0,3070,6.1,6.16,3.68
0.8,Very Good,G,SI1,62.9,56.0,3070,5.88,5.95,3.72
0.8,Very Good,E,SI2,62.6,59.0,3070,5.84,5.91,3.68
0.92,Good,J,SI2,59.0,63.0,3070,6.3,6.35,3.73
0.8,Very Good,G,SI1,62.1,56.0,3071,6.01,5.85,3.68
0.82,Ideal,I,VS1,61.6,56.0,3071,6.05,6.01,3.72
0.71,Good,G,VVS1,62.7,61.0,3072,5.64,5.68,3.55
0.7,Very Good,G,VVS1,63.1,56.0,3073,5.64,5.67,3.57
0.79,Very Good,F,SI1,58.5,61.0,3073,6.03,6.08,3.54
0.7,Ideal,G,VVS1,61.6,55.0,3073,5.72,5.75,3.53
0.75,Ideal,G,VS2,61.6,55.0,3073,5.86,5.89,3.62
0.62,Premium,E,VVS1,61.9,59.0,3073,5.62,5.5,3.44
0.78,Very Good,G,VS2,61.7,58.0,3074,5.87,5.92,3.64
0.9,Fair,I,VVS2,67.0,56.0,3074,5.91,5.83,3.93
0.77,Ideal,H,VS1,61.4,55.0,3074,5.89,5.93,3.63
0.9,Good,G,SI1,63.7,56.0,3074,6.1,6.06,3.87
0.72,Very Good,D,VS2,61.8,58.0,3075,5.73,5.76,3.55
0.72,Very Good,D,VS2,62.6,59.0,3075,5.69,5.72,3.57
0.71,Very Good,F,SI2,61.4,56.0,3075,5.71,5.73,3.51
0.7,Very Good,D,SI1,62.4,57.0,3075,5.64,5.67,3.53
0.72,Ideal,H,VVS1,62.2,57.0,3075,5.72,5.75,3.57
0.76,Ideal,I,VS2,61.7,56.0,3075,5.87,5.9,3.63
0.76,Ideal,D,SI1,62.8,57.0,3075,5.81,5.85,3.66
0.79,Ideal,E,SI1,62.9,55.0,3075,5.93,5.86,3.71
0.79,Very Good,E,SI1,60.4,59.0,3077,5.97,5.99,3.61
0.79,Very Good,E,SI1,63.7,58.0,3077,5.79,5.85,3.71
0.73,Ideal,E,VS2,62.7,56.0,3077,5.75,5.8,3.62
0.71,Fair,D,VS2,64.7,58.0,3077,5.61,5.58,3.62
0.71,Premium,D,VS2,60.3,62.0,3077,5.76,5.69,3.45
0.75,Good,D,SI1,63.6,58.0,3078,5.65,5.77,3.63
0.72,Premium,E,VS2,62.5,59.0,3078,5.7,5.73,3.57
0.76,Ideal,E,VS2,61.3,56.0,3079,5.79,5.83,3.56
0.94,Good,I,SI2,63.8,60.0,3079,6.21,6.14,3.94
0.91,Fair,D,SI2,62.5,66.0,3079,6.08,6.01,3.78
1.0,Very Good,E,I1,62.3,58.0,3080,6.33,6.38,3.96
1.0,Ideal,H,I1,61.3,57.0,3080,6.41,6.44,3.94
1.0,Fair,J,VS1,66.6,57.0,3080,6.07,6.03,4.03
1.0,Premium,H,SI2,59.4,60.0,3080,6.49,6.4,3.83
0.82,Premium,F,SI1,61.1,60.0,3080,6.02,5.96,3.66
0.71,Ideal,H,VS2,61.8,55.0,3080,5.75,5.78,3.56
0.71,Ideal,H,VS2,61.8,55.0,3080,5.73,5.75,3.55
0.79,Very Good,D,SI2,63.2,57.0,3081,5.81,5.86,3.69
0.75,Ideal,F,VS2,62.1,57.0,3081,5.8,5.82,3.61
0.79,Ideal,F,SI1,62.0,55.0,3081,5.93,5.95,3.68
0.71,Ideal,E,VS1,62.2,57.0,3081,5.74,5.7,3.56
0.8,Very Good,F,SI1,63.5,58.0,3082,5.89,5.85,3.73
0.91,Very Good,H,SI1,63.4,55.0,3082,6.18,6.15,3.91
0.6,Ideal,E,VVS1,62.5,53.7,3082,5.35,5.43,3.38
0.6,Ideal,E,VVS1,62.0,53.7,3082,5.4,5.44,3.36
0.7,Good,D,VS2,57.7,60.0,3082,5.83,5.86,3.37
0.91,Very Good,J,VS1,63.5,55.0,3082,6.22,6.12,3.92
0.71,Premium,F,VS1,58.6,62.0,3082,5.88,5.82,3.43
0.86,Premium,H,VS2,61.3,59.0,3082,6.17,6.1,3.76
0.8,Ideal,F,SI1,61.0,56.0,3082,6.05,5.98,3.67
0.8,Premium,F,SI1,60.1,58.0,3082,6.07,6.05,3.64
0.8,Premium,D,SI2,61.1,58.0,3082,5.94,5.9,3.62
0.92,Premium,F,SI2,62.1,60.0,3083,6.21,6.26,3.87
0.72,Very Good,F,VS1,63.2,57.0,3083,5.69,5.73,3.61
1.01,Premium,H,SI2,59.4,62.0,3083,6.47,6.43,3.83
0.71,Very Good,D,VS2,61.8,55.0,3084,5.72,5.74,3.54
0.72,Very Good,E,SI2,61.0,59.0,3084,5.73,5.78,3.51
0.81,Premium,I,VVS2,62.9,59.0,3084,5.95,5.84,3.71
0.53,Ideal,E,VVS1,61.8,55.0,3084,5.19,5.24,3.22
0.61,Ideal,E,VVS1,62.2,56.0,3084,5.43,5.47,3.39
0.85,Ideal,G,SI1,62.0,54.0,3084,6.08,6.11,3.78
0.75,Good,E,VS2,62.6,58.0,3084,5.73,5.78,3.6
0.9,Good,E,SI2,64.1,57.0,3084,6.09,6.07,3.9
0.9,Premium,E,SI2,60.7,61.0,3084,6.22,6.16,3.76
0.9,Premium,E,SI2,59.5,61.0,3084,6.3,6.24,3.73
0.9,Fair,E,SI2,64.5,55.0,3084,6.12,6.03,3.92
0.9,Fair,E,SI2,65.8,58.0,3084,6.02,5.98,3.95
0.9,Premium,E,SI2,63.0,57.0,3084,6.08,6.05,3.82
0.81,Ideal,H,VS2,61.6,56.0,3084,6.03,5.98,3.7
0.81,Premium,G,VS2,61.2,60.0,3084,6.0,5.99,3.67
0.9,Very Good,E,SI2,63.1,54.0,3084,6.2,6.17,3.9
1.02,Fair,I,SI2,64.5,56.0,3084,6.28,6.25,4.04
0.72,Ideal,F,VS1,62.4,56.0,3084,5.76,5.72,3.58
0.75,Very Good,D,SI1,63.9,56.0,3085,5.73,5.75,3.67
0.84,Premium,E,SI2,59.2,59.0,3086,6.19,6.14,3.65
0.75,Ideal,E,VS1,61.8,55.0,3086,5.85,5.87,3.62
0.7,Good,D,VS2,63.9,58.0,3087,5.58,5.62,3.58
0.7,Good,D,VS2,63.2,60.0,3087,5.56,5.61,3.53
0.91,Very Good,H,SI1,63.0,57.0,3087,6.1,6.19,3.87
0.7,Good,D,VS2,64.1,59.0,3087,5.49,5.56,3.54
0.76,Ideal,E,SI1,62.4,57.0,3087,5.83,5.87,3.65
0.74,Ideal,D,VS2,61.9,56.0,3087,5.84,5.79,3.6
1.01,Good,J,SI2,63.7,60.0,3088,6.4,6.29,4.05
1.01,Very Good,J,SI2,63.3,53.0,3088,6.35,6.31,4.01
0.79,Premium,F,VS2,60.7,60.0,3089,5.95,5.97,3.62
0.77,Ideal,H,SI1,61.3,56.0,3089,5.87,5.91,3.61
0.73,Ideal,G,SI1,61.4,57.0,3089,5.74,5.79,3.54
0.73,Ideal,G,SI1,60.9,57.0,3089,5.81,5.85,3.55
0.73,Ideal,G,SI1,60.6,57.0,3089,5.84,5.87,3.55
0.73,Ideal,G,SI1,61.9,55.0,3089,5.76,5.8,3.58
0.73,Ideal,G,SI1,61.2,57.0,3089,5.79,5.86,3.56
0.73,Ideal,G,SI1,61.7,57.0,3089,5.78,5.81,3.57
0.71,Ideal,D,VS1,62.5,57.0,3090,5.71,5.68,3.56
0.58,Ideal,F,VVS1,61.7,55.0,3090,5.36,5.39,3.31
0.87,Ideal,F,SI2,62.2,56.0,3090,6.03,6.13,3.78
0.71,Premium,D,VS1,58.1,62.0,3090,5.89,5.84,3.41
0.72,Ideal,E,VS2,60.8,57.0,3091,5.79,5.82,3.53
0.92,Premium,J,VS2,60.9,62.0,3091,6.31,6.26,3.83
1.2,Premium,G,I1,60.3,58.0,3091,6.82,6.77,4.1
0.8,Premium,E,SI1,62.9,60.0,3091,5.89,5.87,3.7
0.98,Very Good,H,SI2,63.4,57.0,3091,6.41,6.32,4.04
0.7,Very Good,D,VS2,60.7,58.0,3092,5.7,5.73,3.47
0.7,Ideal,D,VS2,61.6,58.0,3092,5.66,5.7,3.5
0.7,Ideal,D,VS2,62.3,55.0,3092,5.67,5.7,3.54
0.8,Very Good,F,SI1,63.1,58.0,3093,5.89,5.93,3.73
0.7,Ideal,E,VS2,62.0,57.0,3093,5.68,5.71,3.53
0.7,Ideal,D,VS1,61.9,57.0,3093,5.69,5.72,3.53
0.72,Ideal,E,VVS2,62.1,57.0,3093,5.76,5.74,3.57
0.71,Ideal,G,VVS2,62.5,57.0,3095,5.7,5.73,3.57
0.7,Very Good,E,VS1,63.4,57.0,3095,5.63,5.67,3.58
0.81,Very Good,G,SI1,62.3,59.0,3095,5.93,5.98,3.71
0.94,Premium,F,SI2,62.3,59.0,3095,6.32,6.23,3.91
0.9,Premium,H,SI1,62.4,56.0,3095,6.13,6.05,3.8
0.71,Very Good,D,VS2,63.1,59.0,3096,5.64,5.67,3.57
0.71,Very Good,D,VS2,63.0,58.0,3096,5.65,5.68,3.57
0.77,Good,H,VVS1,63.1,57.0,3096,5.83,5.86,3.69
0.91,Premium,F,SI2,62.1,56.0,3096,6.26,6.21,3.87
0.81,Ideal,I,SI1,61.3,56.0,3097,6.23,6.27,3.83
0.81,Premium,F,SI1,60.3,59.0,3097,5.98,6.05,3.63
0.52,Ideal,E,VVS1,61.8,55.0,3097,5.19,5.2,3.21
0.53,Ideal,D,VVS1,61.6,55.0,3097,5.21,5.27,3.23
1.29,Good,I,I1,64.2,54.0,3098,6.93,6.83,4.42
0.9,Very Good,I,SI2,60.4,58.0,3099,6.25,6.31,3.79
0.72,Ideal,D,VS2,61.8,57.0,3099,5.76,5.73,3.55
0.93,Ideal,I,SI2,62.3,57.0,3101,6.2,6.22,3.87
0.74,Ideal,F,VVS2,61.5,54.0,3101,5.84,5.86,3.6
0.81,Ideal,E,SI2,62.1,55.0,3101,5.94,5.98,3.7
0.71,Premium,E,VS2,62.2,59.0,3101,5.79,5.76,3.59
0.72,Very Good,D,SI1,60.5,57.0,3102,5.85,5.89,3.55
0.9,Very Good,J,VS1,62.6,55.0,3102,6.11,6.13,3.83
0.9,Ideal,J,SI1,62.6,54.0,3102,6.16,6.23,3.88
0.83,Ideal,E,SI2,61.9,53.0,3103,6.04,6.08,3.75
0.66,Ideal,D,VVS2,61.6,57.0,3103,5.57,5.64,3.45
0.71,Ideal,E,VS2,62.2,56.0,3103,5.7,5.75,3.56
0.78,Premium,D,SI1,61.8,59.0,3103,5.93,5.88,3.65
0.81,Very Good,H,VS1,63.6,57.0,3104,5.87,5.9,3.74
0.71,Very Good,F,VVS1,63.3,58.0,3104,5.67,5.64,3.58
0.9,Fair,G,SI2,55.9,62.0,3104,6.35,6.42,3.57
0.9,Fair,G,SI2,64.7,58.0,3104,5.94,6.03,3.87
0.9,Ideal,I,SI2,62.8,55.0,3104,6.19,6.14,3.87
0.7,Premium,F,VVS2,62.6,59.0,3105,5.66,5.62,3.53
0.78,Ideal,I,VS1,61.9,56.0,3105,5.91,5.94,3.67
0.78,Ideal,I,VS1,60.7,56.0,3105,5.97,6.03,3.64
0.9,Very Good,H,SI2,59.5,63.0,3105,6.31,6.26,3.74
0.9,Premium,H,SI2,62.4,61.0,3105,6.11,6.03,3.79
0.9,Very Good,H,SI2,61.1,63.0,3105,6.19,6.12,3.76
1.52,Good,E,I1,57.3,58.0,3105,7.53,7.42,4.28
1.52,Good,E,I1,57.3,58.0,3105,7.53,7.42,4.28
0.9,Ideal,J,VS2,59.8,56.0,3105,6.27,6.24,3.74
0.9,Fair,H,SI2,65.6,58.0,3105,6.05,5.95,3.95
0.75,Premium,D,SI1,58.9,60.0,3105,5.99,5.97,3.52
0.7,Premium,G,VVS1,61.2,56.0,3105,5.75,5.68,3.5
0.9,Very Good,H,SI2,63.4,60.0,3105,6.08,6.03,3.84
0.72,Ideal,F,VS1,62.4,55.0,3105,5.78,5.75,3.6
0.9,Premium,H,SI2,59.6,59.0,3105,6.38,6.24,3.76
0.9,Good,H,SI2,64.1,58.0,3105,6.05,6.02,3.87
0.72,Premium,F,VVS2,61.6,59.0,3105,5.78,5.72,3.54
0.79,Ideal,E,SI1,62.1,54.0,3107,5.92,5.96,3.69
0.79,Good,E,SI1,63.2,56.0,3107,5.83,5.91,3.71
0.7,Very Good,E,VS1,63.4,56.0,3107,5.6,5.63,3.56
0.7,Ideal,E,VS1,62.2,58.0,3107,5.62,5.69,3.52
0.7,Good,D,VS1,60.4,63.0,3107,5.73,5.76,3.47
0.32,Good,E,SI1,63.2,56.0,561,4.35,4.38,2.76
0.32,Ideal,I,VVS2,61.5,56.0,561,4.4,4.42,2.71
0.32,Ideal,H,VS1,61.3,55.0,561,4.41,4.43,2.71
0.32,Premium,G,VS2,61.0,59.0,561,4.42,4.46,2.71
0.32,Premium,H,VS1,61.3,60.0,561,4.33,4.38,2.67
0.32,Ideal,I,VVS2,62.6,54.0,561,4.37,4.41,2.75
0.32,Very Good,E,SI1,61.6,56.0,561,4.39,4.41,2.71
0.32,Ideal,G,VS2,61.8,57.0,561,4.38,4.42,2.72
0.32,Very Good,G,VS2,62.4,59.0,561,4.33,4.36,2.71
0.32,Good,E,SI1,63.1,56.0,561,4.36,4.39,2.76
0.32,Very Good,H,VS1,61.7,61.0,561,4.38,4.43,2.72
0.32,Premium,G,VS2,62.6,59.0,561,4.33,4.36,2.72
0.32,Very Good,E,SI1,62.8,57.0,561,4.34,4.39,2.74
0.32,Premium,G,VS2,62.6,60.0,561,4.33,4.36,2.72
0.32,Very Good,H,VS1,60.5,59.0,561,4.41,4.42,2.67
0.32,Very Good,E,SI1,62.2,57.0,561,4.38,4.43,2.74
0.32,Premium,H,VS1,60.6,60.0,561,4.4,4.44,2.68
0.32,Ideal,G,VS2,60.3,57.0,561,4.43,4.46,2.68
0.32,Very Good,E,VS2,60.5,58.0,561,4.4,4.42,2.67
0.32,Very Good,H,VS1,62.9,54.0,561,4.37,4.41,2.76
0.32,Premium,E,SI1,60.2,60.0,561,4.39,4.44,2.66
0.32,Premium,G,VS2,62.1,60.0,561,4.34,4.39,2.71
0.32,Premium,I,VVS2,61.9,59.0,561,4.35,4.38,2.7
0.32,Premium,H,VS1,62.4,58.0,561,4.35,4.4,2.73
0.32,Premium,G,VS2,61.5,58.0,561,4.35,4.4,2.69
0.32,Ideal,E,SI1,61.9,56.0,561,4.39,4.43,2.73
0.32,Premium,G,VS2,61.5,60.0,561,4.4,4.42,2.71
0.32,Premium,E,SI1,61.9,59.0,561,4.36,4.39,2.71
0.76,Premium,E,VS2,63.0,59.0,3107,5.79,5.76,3.64
0.9,Good,I,VS2,62.4,65.0,3107,6.12,6.09,3.81
0.9,Very Good,G,SI2,63.3,59.0,3107,6.12,6.07,3.86
0.76,Premium,E,VS2,60.3,60.0,3107,5.97,5.94,3.59
0.81,Premium,H,VS1,61.7,58.0,3107,5.98,5.95,3.68
0.77,Ideal,F,SI1,61.5,56.0,3108,5.89,5.95,3.64
0.74,Premium,E,VS2,62.4,59.0,3108,5.77,5.73,3.59
0.75,Premium,E,VS2,59.9,61.0,3108,5.97,5.91,3.56
0.7,Very Good,E,VS1,62.0,60.0,3109,5.61,5.64,3.49
0.7,Premium,F,VVS1,61.9,59.0,3109,5.67,5.6,3.49
0.81,Ideal,E,SI1,62.4,57.0,3109,5.92,5.97,3.71
1.01,Good,H,I1,63.2,58.0,3110,6.33,6.39,4.02
0.76,Very Good,E,VS2,61.0,58.0,3111,5.88,5.93,3.6
1.01,Good,H,SI2,64.1,56.0,3111,6.37,6.3,4.06
0.8,Ideal,H,VS1,63.1,58.0,3111,5.89,5.96,3.74
0.68,Very Good,F,VVS2,57.3,60.0,3112,5.83,5.89,3.36
0.91,Very Good,J,VS2,61.6,58.0,3112,6.23,6.28,3.85
0.79,Premium,D,SI1,61.4,59.0,3112,5.89,5.96,3.64
0.71,Very Good,E,VS1,59.8,58.0,3112,5.78,5.82,3.47
0.71,Very Good,H,IF,63.0,57.0,3112,5.63,5.7,3.57
0.71,Ideal,E,VS2,61.6,57.0,3112,5.71,5.79,3.54
0.71,Very Good,G,VVS2,61.2,58.0,3113,5.68,5.72,3.49
0.78,Very Good,G,VS2,62.6,58.0,3113,5.81,5.89,3.66
0.82,Ideal,I,VS1,61.3,57.0,3113,6.02,6.07,3.7
0.9,Good,H,SI2,60.4,61.0,3114,6.14,6.22,3.73
0.9,Very Good,G,SI2,60.1,60.0,3114,6.22,6.32,3.77
0.76,Ideal,G,VS2,61.7,55.0,3114,5.86,5.91,3.63
0.77,Ideal,G,VS2,62.1,56.0,3114,5.85,5.88,3.64
0.9,Good,H,SI2,64.3,58.0,3114,5.97,6.03,3.86
0.93,Ideal,G,SI2,61.0,54.0,3114,6.35,6.32,3.87
0.86,Very Good,H,SI1,63.8,56.0,3115,6.02,6.05,3.85
0.7,Good,E,VS2,60.3,60.0,3115,5.69,5.75,3.45
0.9,Good,H,SI2,64.3,60.0,3115,6.0,6.1,3.89
0.84,Premium,F,SI1,59.0,59.0,3115,6.18,6.13,3.63
0.8,Good,F,VS1,63.3,55.0,3116,5.87,5.92,3.73
0.9,Good,F,SI2,63.3,57.0,3116,6.08,6.14,3.87
0.9,Good,F,SI2,63.2,59.0,3116,6.06,6.13,3.85
0.71,Ideal,F,VS2,61.2,56.0,3116,5.77,5.79,3.54
0.92,Fair,F,SI1,64.9,58.0,3117,6.1,6.04,3.94
1.08,Premium,H,I1,61.7,59.0,3118,6.54,6.59,4.05
0.85,Ideal,G,SI1,60.4,56.0,3118,6.26,6.17,3.75
0.83,Very Good,F,SI1,63.1,58.0,3118,5.98,5.94,3.76
1.16,Fair,H,SI2,68.2,55.0,3118,6.47,6.37,4.38
0.87,Ideal,H,VS2,61.7,57.0,3118,6.14,6.09,3.77
0.9,Very Good,J,VS2,61.9,59.0,3119,6.14,6.2,3.82
0.7,Ideal,F,SI1,61.9,55.0,3119,5.7,5.74,3.54
0.7,Ideal,F,SI1,61.2,55.0,3119,5.74,5.76,3.52
1.02,Premium,J,SI2,62.3,58.0,3119,6.42,6.37,3.98
0.91,Fair,E,SI2,64.5,60.0,3119,6.04,5.96,3.87
0.75,Ideal,E,VS2,62.0,56.0,3120,5.82,5.85,3.62
0.77,Ideal,G,VS1,62.4,54.0,3121,5.93,5.89,3.69
0.76,Good,G,VS1,60.3,60.7,3121,5.86,5.9,3.55
0.9,Premium,I,SI1,61.8,58.0,3121,6.26,6.2,3.85
0.9,Very Good,I,SI1,63.5,59.0,3121,6.1,6.05,3.86
0.9,Premium,I,SI1,62.1,59.0,3121,6.19,6.15,3.83
0.86,Ideal,I,VS2,62.1,57.0,3121,6.1,6.07,3.78
0.71,Very Good,E,SI1,60.0,56.0,3122,5.85,5.78,3.49
0.72,Ideal,H,VS2,61.7,56.0,3122,5.74,5.77,3.56
0.72,Ideal,H,VS2,60.1,56.0,3122,5.85,5.88,3.52
0.92,Good,I,SI1,57.4,65.0,3122,6.42,6.48,3.7
0.9,Very Good,G,SI2,64.2,56.0,3123,6.04,6.11,3.9
0.7,Ideal,G,VVS1,62.3,57.0,3123,5.61,5.65,3.51
0.71,Ideal,F,VS2,61.8,56.2,3123,5.7,5.75,3.53
0.71,Ideal,G,VS1,60.9,56.6,3123,5.75,5.79,3.52
0.71,Ideal,G,VS1,61.8,56.1,3123,5.72,5.74,3.54
0.82,Ideal,G,SI1,60.7,57.0,3123,6.07,6.06,3.68
0.77,Very Good,G,VS2,62.8,59.0,3124,5.81,5.84,3.66
0.72,Ideal,H,VVS1,61.4,56.0,3124,5.79,5.77,3.55
0.84,Very Good,E,SI2,62.1,58.0,3125,6.02,6.09,3.76
0.83,Ideal,E,SI2,61.3,57.0,3125,6.02,6.05,3.7
0.94,Good,D,SI2,57.9,61.0,3125,6.48,6.43,3.74
0.9,Good,H,SI1,60.5,64.0,3125,6.18,6.11,3.72
0.93,Premium,J,VS2,61.1,59.0,3125,6.34,6.32,3.87
0.57,Very Good,D,VVS1,62.8,56.0,3126,5.27,5.31,3.32
0.72,Ideal,G,VVS2,61.2,57.0,3126,5.72,5.81,3.53
0.57,Ideal,D,VVS1,61.6,56.0,3126,5.33,5.35,3.29
1.13,Good,G,I1,63.4,58.0,3127,6.58,6.61,4.18
0.7,Very Good,G,VS1,61.6,57.0,3127,5.69,5.73,3.52
0.7,Very Good,G,VS1,61.9,57.0,3127,5.68,5.71,3.53
0.73,Ideal,G,VVS2,62.2,55.0,3127,5.77,5.74,3.58
0.73,Ideal,G,VVS2,61.9,56.0,3127,5.81,5.75,3.58
0.73,Premium,E,VS2,61.9,57.0,3127,5.79,5.75,3.57
0.71,Ideal,E,SI1,61.1,57.0,3128,5.75,5.77,3.52
0.75,Very Good,F,VS1,63.2,57.0,3129,5.78,5.74,3.64
0.75,Ideal,E,SI2,62.6,55.0,3129,5.72,5.79,3.6
